artTitle,artDate,artTime,artUrl,sentence
ㄍㄨㄟ ㄩˊ,2021/03/15,12:20:44,https://www.dcard.tw/f/funny/p/235552161,最近看到壽司郎近期的優惠⬇️⬇️⬇️，https://i.imgur.com/csgRwkW.jpg，到底有誰叫鮭魚啦?，-圖取自壽司郎FB-
有人叫鮭魚嗎？,2021/03/15,16:48:28,https://www.dcard.tw/f/funny/p/235553758,https://i.imgur.com/ZMebqSB.jpg，，今天網路上看到壽司郎在玩活動，名字中有鮭魚兩個字就整桌免費，或是ㄍㄨㄟˉㄩˊ 同音有半價優惠，是說有人的名字叫鮭魚嗎？，很好奇?，https://udn.com/news/story/7193/5318417?from=udn-catebreaknews_ch2&fbclid=IwAR3YtgTxXIneaZPQII3DTmxRygn5Ch3rR2WT0ZgVzDWVtGCNRKG9hpRVpw0
壽司郎活動⋯⋯,2021/03/15,18:43:05,https://www.dcard.tw/f/funny/p/235554357,身為壽司郎愛好者的我，剛剛看到新聞報導有活動，欣喜若狂的點進去！！！！，結果⋯⋯，到底誰會叫鮭魚啦???，https://i.imgur.com/LqseBwv.jpg
ㄍㄨㄟ ㄩˊ 在哪裡,2021/03/15,19:13:05,https://www.dcard.tw/f/funny/p/235554529,https://i.imgur.com/7qNjNaE.jpg，乳圖，請問真的有人叫鮭魚嗎( ･᷄ὢ･᷅ )
壽司郎優惠,2021/03/15,19:34:34,https://www.dcard.tw/f/funny/p/235554668,如圖 ，如果名字叫「鮭魚」可以免費，是說到底有誰名字會是「鮭魚」啦，https://i.imgur.com/DKCvlhW.jpg
超好笑 為了吃免費ㄉ鮭魚,2021/03/16,15:38:58,https://www.dcard.tw/f/funny/p/235560341,https//i.imgur.com/SgpO8gm.jpg
真的是鮭魚,2021/03/16,16:16:40,https://www.dcard.tw/f/funny/p/235560562,https//i.imgur.com/e1fKH9b.jpg，想不到吧壽司朗，還真的有人叫鮭魚呢，剛剛看還有人特別去改名子改成鮭魚呢
壽司郎：我大意了啊 沒有閃,2021/03/16,18:10:49,https://www.dcard.tw/f/funny/p/235561279,更：年輕人不講武德，我朋友也去改了，能通靈召喚鮭魚了吧。，https//i.imgur.com/sfe5vbV.jpg，男人的快樂，往往就是這麼樸實無華⋯⋯，https://i.imgur.com/SY65oal.jpg，話說他們以後小孩子可以取名叫鮭魚卵，來源：卡提諾狂新聞
這個月的......,2021/03/16,19:17:49,https://www.dcard.tw/f/funny/p/235561729,如果統計2021什麼名字最多人取，或者最多人改名，會不會是鮭魚？，是說戶政人員最近會不會集體討論最近怎麼這麼多人改名鮭魚?，https://i.imgur.com/SGU0N9j.jpg，就像⬇️，某戶政a： 我改到一個叫鮭魚的，超級奇葩的！，某戶政b：...我今天也改到一個叫鮭魚的..，某戶政c：哇........好巧......我也有遇到， .， .， .，某算命師：鮭魚這名字很不錯！現在很多人都去這個名字！你小孩未來出生取這個?
出事啦阿鮭,2021/03/17,01:50:39,https://www.dcard.tw/f/funny/p/235564559,https//i.imgur.com/3JA76Ly.jpg，https://i.imgur.com/ATbvXpv.jpg，在臉書上面看到的??
一起 同鮭魚盡 嗎,2021/03/17,11:14:49,https://www.dcard.tw/f/funny/p/235565892,豪啊啊啊啊啊啊啊，哈哈哈哈哈哈哈，https://i.imgur.com/0Ylfy0t.jpg
海關人員蓋章，請問妳是「廖鮭魚」？,2021/03/17,12:20:43,https://www.dcard.tw/f/funny/p/235566245,https//i.imgur.com/VwM8eIL.jpg，啊我就在想啊～，護照上的名字變 salmon 嗎？，出國恥度不會大開嗎？
壽司吃到吐活動,2021/03/17,12:40:13,https://www.dcard.tw/f/funny/p/235566358,https//i.imgur.com/XlbyJI1.jpg，https//i.imgur.com/OqmY8Os.jpg，最近的壽司郎吃到吐活動，會不會隔天鮭魚滿路跑（？，朋友：我要放火，變炙燒鮭魚
我的極品朋友讓我同鮭魚盡了?,2021/03/17,12:53:24,https://www.dcard.tw/f/funny/p/235566439,順手更：三立跟記者真的很好當ㄟ 內文留言全部照抄放上去根本不用想新聞?突然覺得辛苦工作ㄉ我是傻子  ，https//www.ettoday.net/news/20210317/1940205.htm?from=ettoday_app，不廢話了大家應該都知道壽司郎的鮭魚活動，我的超猛朋友今天早九跑去戶政事務所改名完直衝店裡，感謝「蕭鮭魚」跟「曾極品鮭魚」的努力，我們今天吃得很飽☺️，（在這邊也辛苦壽司郎店員了，幫我們算盤子的時候看起來心很累）（畢竟算完還是免費），要離開的時候還發現旁邊也有一桌鮭魚 跑去認親?，https//i.imgur.com/NoK3C2G.jpg，https//i.imgur.com/ie79pR2.jpg，隔壁桌還點了四碗冰，我們近期應該不想再吃到鮭魚了，結帳的時候聽到店員說：「蕭鮭魚，好這樣就可以了哦」，爽度破表：），以上，（我們最後有乖乖整理盤子再給店員算，真的辛苦了??）
各位鮭魚先生小姐 鮭魚會跟你一輩子的,2021/03/17,13:47:13,https://www.dcard.tw/f/funny/p/235566783,https//i.imgur.com/N7CL5Hq.jpg，https://tw.news.yahoo.com/%E7%8D%A8-%E9%AE%AD%E9%AD%9A%E6%94%B9%E5%90%8D%E4%B9%8B%E4%BA%82-%E6%88%B6%E6%94%BF-%E8%B7%9F%E4%BD%A0-%E8%BC%A9%E5%AD%90-045026359.html
鮭魚除了可以免費也可以賺錢?,2021/03/17,14:04:53,https://www.dcard.tw/f/funny/p/235566904,今天打開某工作app，發現了原來改名還可以打工，https://i.imgur.com/gtgU9sv.jpg，台南的鮭魚可以應徵看看
壽司郎遇到真人版鮭魚,2021/03/17,16:18:47,https://www.dcard.tw/f/funny/p/235567735,去吃個壽司郎，就發現隔壁桌蹲在地上擺一堆盤子，還以為是店員在整理盤子，https://i.imgur.com/mmUY8kr.jpg，轉念一想 不對 難道是遇到了傳說中的鮭魚！？，偷偷聽到結帳金額一共是一萬二，又聽到他們正在說要再抽一次號碼牌，還說要幫壽司郎創造財政赤字云云，問了店員 果然有一位鮭魚先生在其中，回答的時候店員還笑得很誇張XD，說鮭魚與其友人都沒吃飯 才得以吃下那麼多，第一次遇到真人版鮭魚，為了吃壽司真的有夠拼 笑死
各個IG的鮭魚梗圖哈哈哈哈,2021/03/17,16:23:34,https://www.dcard.tw/f/funny/p/235567763,最近真的是鮭魚大戰有夠好笑，總結了一些鮭魚圖，https//i.imgur.com/R4sLjVv.jpg，https//i.imgur.com/EVDHkSL.jpg，https//i.imgur.com/oVEMQOn.jpg，https//i.imgur.com/qOO4pMA.jpg，還有什麼很好笑的哈哈哈哈，真的覺得各家小編太扯太努力了吧哈哈哈哈
鮭魚之亂,2021/03/17,17:11:37,https://www.dcard.tw/f/funny/p/235568105,我媽媽在戶政做志工，鮭魚活動隔天就遇到學生來改名了，6個學生嘻嘻哈哈要改名，其中一個全程錄影，連著第二天更多學生來改名，大多是89年的孩子，連續兩個都還把名字改成16個字，改名雖然是個人權益，但其實非常浪費行政資源跟人力，一個人換證的作業時間就要1小時左右，https://i.imgur.com/X0wjjgd.jpg，第一天還可以笑看學生的小聰明，第二天覺得可以了，還好活動只有兩天，不然挺麻煩的
"如果""鮭魚之亂""發生在國外....?",2021/03/17,17:45:21,https://www.dcard.tw/f/funny/p/235568380,如果壽司郎這次鮭魚免費吃活動辦在國外....，真的有人叫鮭魚??(賽門~)，https://i.imgur.com/ix0o87g.jpg
壽司郎打工任務,2021/03/17,19:22:53,https://www.dcard.tw/f/funny/p/235568991,小女子閒閒沒事會去刷個打工APP，偶爾會發現有趣的任務，剛剛一刷不得了，沒想到連這次壽司郎的活動都有人徵鮭魚哈哈哈哈哈哈，分享給大家，如果有違規會自刪?，https://i.imgur.com/URwQ2Yk.jpg
黃金帕瑪森起司焗烤鮭魚,2021/03/17,20:03:27,https://www.dcard.tw/f/funny/p/235569247,https://i.imgur.com/JmracD3.jpg，年輕人果然不讓人失望，感覺好好吃⋯⋯⋯
台灣迷因的鮭魚梗圖,2021/03/17,21:10:57,https://www.dcard.tw/f/funny/p/235569709,"剛剛在臉書看到的, 笑到我鮭頭直樹，有重複請告知，會及時刪文，https://www.facebook.com/273213086675479/posts/737032150293568/?sfnsn=mo"
改名的各種超前部署,2021/03/17,22:05:36,https://www.dcard.tw/f/funny/p/235570187,完完全全的超前部署，這位大哥 可以借我帳號嗎，https//i.imgur.com/cLxvPMB.jpg，真·鬼才 ，佩服佩服，圖源：line群，如有違反規定 會馬上修改的
因為鮭魚被分手,2021/03/18,00:11:11,https://www.dcard.tw/f/funny/p/235571251,https://i.imgur.com/6ZMTxsf.jpg，以後可能有很多人的祖先會叫鮭魚，那這種分手理由在未來會比較能被接受ㄇ
笑死 這什麼鳥表情貼,2021/03/18,00:31:17,https://www.dcard.tw/f/funny/p/235571411,https://i.imgur.com/hfY1tT1.jpg，想說最近吵很兇，想買個鮭魚有關的貼圖來煩朋友，結果竟然連鮭魚壽司本體都有貼圖，line貼圖審查機制，到底會有誰買
吃鮭魚跑錯間店,2021/03/18,00:52:45,https://www.dcard.tw/f/funny/p/235571529,各位鮭魚們，記得吃壽司不要跑錯間店，不然就尷尬了?，https//i.imgur.com/CbRFgSs.jpg，https://i.imgur.com/U8kHQjo.jpg，第一次發文，如果有違規麻煩告訴我一下?
比鮭魚更超值的優惠,2021/03/18,01:34:57,https://www.dcard.tw/f/funny/p/235571781,https://i.imgur.com/o80X6BH.jpg，歡迎來找我兌換，真的不用客氣，真的真的
為什麼我們會說這是一種貪小便宜？,2021/03/18,02:10:33,https://www.dcard.tw/f/funny/p/235571958,"看到原文很多人說：「只是好玩啊」、「不懂哪裡貪小便宜」，真的忍不住開一篇文來回，來跟那些說「不懂為什麼是貪小便宜」和「只是好玩」的人講一下我的觀點好了，兩個點，1.如果只是好玩，你可以改完，然後去壽司郎打卡，但最後錢你吃多少你照付，或者是你就吃兩盤意思意思，但你今天帶了五個朋友吃到滿山滿谷、吃到一萬多，然後跟我說只是好玩啦、沒有貪小便宜、這只是迎合活動啦，你覺得有什麼說服力嗎？，2.如果今天有一個富翁，手拿著一本辭典，跟你說如果翻到第幾頁你就把名字改成那個字，然後他就給你一萬塊，你改不改？，但這其實感覺很不好對不對？，因為是富翁叫你改，所以很像是被人指使這麼做的，就有一種為錢而自甘墮落的感覺，(但絕對會有人照改)，但是，鮭魚的遊戲玩法並沒有""叫你改""，壽司郎就是要找名為""鮭魚""的人，所以變成說，你改了你的罪惡感會降低，因為不是「壽司郎要我改的」，這個改名的主動權是在我身上，就沒有所謂賤賣自己姓名或人格的罪惡感了，但你仔細想想這兩件事情其實本質上沒有甚麼差別，就是為了利益去更改自己的名字，而我真的覺得，不如大方承認自己就是想吃免錢壽司，不要再拿""好玩""來包裝自己為錢賣名的行為，還有人說熱血，我真的熱你老木，我就問，如果遊戲規則變成，「名字叫鮭魚的人，可以在用餐的時候，讓店員為你唱鮭魚之歌」，你還改不改？，這樣還改的人，，是不是才有資格來說自己是為了好玩、熱血才改的？，其他的真的一點說服力都沒有。"
鮭魚你知道嗎,2021/03/18,02:20:25,https://www.dcard.tw/f/funny/p/235572008,我認真發問這些鮭魚弟弟，知道改名紀錄會跟著自己一輩子嗎，3/16改名鮭魚，3/19改回來，戶籍謄本上都會有欸！！！，我的媽 你名字那塊會超長欸，變成戶長以後 哇 真的不得了，前幾天面試才繳交戶籍謄本，我之前改過名，上面清清楚楚我改名的日期跟之前叫什麼，年輕人 真的厲害，??：阿公為什麼你之前叫鮭魚，??‍?：因為阿公喜歡吃鮭魚（？
壽司郎真的在找鮭魚嗎？,2021/03/18,04:03:55,https://www.dcard.tw/f/funny/p/235572300,壽司郎這兩天的「愛的迴鮭，尋人啟事」活動，是真的在找鮭魚嗎？，https://i.imgur.com/w0lbHnq.jpg，from twitter @wakamiyajun___，https://i.imgur.com/Xo9VUT6.jpg
我是一隻鮭魚,2021/03/18,10:22:05,https://www.dcard.tw/f/funny/p/235572932,昨天腦衝去當鮭魚了 要在哪裡發文才會有人蹭啊，https://i.imgur.com/T1J4Yx5.jpg
這才是正港的鮭魚,2021/03/18,10:52:37,https://www.dcard.tw/f/funny/p/235573064,https://i.imgur.com/4Cm9rCh.jpg，哈哈哈，鮭魚寶寶啦
台灣會不會變成海洋王國？,2021/03/18,11:06:20,https://www.dcard.tw/f/funny/p/235573131,https://i.imgur.com/WuTX4Rs.jpg，根據不同季節推出不同產品活動，會不會以後台灣出現一堆人，名為鮭魚、鮪魚、生蠔、鮑魚、海膽等等等等等的奇特名字啊
血本無「鮭」！「劉鮭魚」闖藏壽司爽吃 結帳才驚「不是壽司郎」,2021/03/18,11:23:53,https://www.dcard.tw/f/funny/p/235573221,血本無「鮭」！「劉鮭魚」闖藏壽司爽吃 結帳才驚「不是壽司郎」，今日，有網友在臉書公開社團「爆廢1公社」發文，原PO貼出一張已改名為「劉鮭魚」的身分證照片，想要好好大吃一頓，沒想到，就在茶足飯飽準備結帳時，店員卻告知「這不是我們家的活動」，原來，是原PO「跑錯棚」，應該是「壽司郎」的局，卻誤闖「藏壽司」的場，當下讓原PO的臉色一陣青、一陣綠，雖然傻眼至極，也只能乖乖掏錢包結帳。
"還台灣最美的風景是人,我看是一群貪小便宜的人吧",2021/03/18,12:28:46,https://www.dcard.tw/f/funny/p/235573604,"說個笑話台灣最美的風景是人,別再拿這個當唬爛外國人的了,台灣人對自己國家的人冷漠的跟甚麼一樣,國外的月亮比較圓,看看有多少貪小便宜的人為了這個活動,去浪費社會資源,有些人是真的有事情要去戶政事務所改名子,就被這些貪小便宜的人耽擱到時間阿,是多窮阿窮到連一餐壽司都吃不起,我看DCARD一堆人還在覺得這些人很有意思"
鮭魚撲殺,2021/03/18,14:22:37,https://www.dcard.tw/f/funny/p/235574300,https//i.imgur.com/fZiloho.jpg，https//i.imgur.com/zVN9dZ4.jpg，https://i.imgur.com/3bxlY7R.jpg，麻煩，陳鮭魚鮪魚鰭魚鮮蝦乾干貝鮑魚海膽牛松大閘蟹龍蝦先生這裡後衛謝謝。，-，用不完的鮭魚梗
【看吉白｜鮭族世家】,2021/03/18,14:56:04,https://www.dcard.tw/f/funny/p/235574518,一家人為了鮭魚、全家改名，，呈現一家人的團結，，只要不放棄，，就會有希望，，得到圓滿和幸福，---鮭族世家。，2021年不會上映，https//i.imgur.com/70tNvb8.png，#看吉白，#壽司郎 #鮭魚 #鮭魚之亂  #鮭族世家，#愛的迴鮭 #鮭魚在哪裡 #尋人啟事，#迴轉壽司 #免費 #吃到飽 #鮭魚改名潮，#實至名鮭 #同鮭魚盡 #鮭蜜，--------------------------
關於肚子痛這件小事！！,2021/03/18,15:13:31,https://www.dcard.tw/f/funny/p/235574633,嗯...，聽說鮭魚風潮正夯，，我也來跟風一下XDD，https://i.imgur.com/DbSpR05.jpg
所有小編最怕的是...,2021/03/18,15:52:45,https://www.dcard.tw/f/funny/p/235574870,主管說要練練文案?，每個人都在鮭魚之亂...，想想黃鮭魚、劉鮭魚、李鮭魚，想想改了會不會無家可鮭，想想我的鮭魚肚，想想分享是愛的根本，想想我家還有誰，想想只有我跟狗，想想狗吃鮭魚還可以亮毛，想想我吃鮭魚只能胖肚...，想想還不如給狗吃???，最後一天，一起鮭魚之亂！，??，https://reurl.cc/jqmeKZ
到底多想吃到免費的壽司,2021/03/18,16:38:56,https://www.dcard.tw/f/funny/p/235575120,廢話不多說，直接上圖，https://i.imgur.com/hT9JDFT.jpg，這鮭魚之亂太浮誇了吧?
改名字吃壽司郎攻略?,2021/03/18,17:35:52,https://www.dcard.tw/f/funny/p/235575486,大家好，我是菸(肥)酒(宅)生山德樂?，最近掀起了一波鮭魚改名潮，原本想說改這太花時間成本，因此沒打算要改，但是看到IG上面各個鮭魚的命名，個人覺得十分無趣，因此就想了一個有創意的(其實並沒有)名字，並且去實踐，順便教大家如何改名，為了以後其他類似活動做準備，(其實只是想來蹭熱度跟吃免費鮭魚)，https//i.imgur.com/lk1ilz8.jpg，(上面為手寫體是因為名字過長，電腦無法key，辛苦工作人員了)，一張身分證最多帶五位朋友，結帳時出示就好了，https//i.imgur.com/hzk1B88.jpg，終於體驗了何謂財富自由的感覺，在壽司郎吃到飽真的是非常爽呢！，(題外話，我認為壽司郎遠勝藏壽司，各為兩派粉絲歡迎開戰)，不知道各位看完這攻略後，有沒有被改名字熱潮燒到呢？，一起來成為朋友人生中的鮭魚吧！，說了這麼多，我只是想來蹭個熱度還有推廣我的美食粉專，，最近有抽好市多厲害的冷凍提拉米蘇，有興趣的朋友歡迎追蹤抽獎~，IG抽獎連結?，https://www.instagram.com/p/CMPXCw2sLN7/?utm_source=ig_web_copy_link
這些店家也可以來玩同鮭魚盡吧？,2021/03/18,18:02:36,https://www.dcard.tw/f/funny/p/235575668,我姓錢，單名都：錢都用餐享雙主餐，我姓胡，叫鬚張：滷肉飯全年買一送一，我姓杜，叫蕾斯：杜蕾斯一年份保險套，我姓屈，叫臣氏：屈臣氏全年消費八折起，我姓康，叫是美：康是美全館消費八折起，我姓萬，叫歲牌：不是萬歲牌我可是不吃的唷！，大家繼續接龍啊
鮭魚們賺起來,2021/03/18,18:39:48,https://www.dcard.tw/f/funny/p/235575944,不要白白浪費了你們一生三次的機會，https://i.imgur.com/KOQjSYd.jpg
Beatbox + 鮭魚,2021/03/18,19:37:00,https://www.dcard.tw/f/funny/p/235576290,這次雖然沒有更風去改名字，，但是還是做了一首 Beatbox 歌曲給大家聽，祝大家都有好鮭矩，https://www.dcard.tw/v2/vivid/videos/c50b7704-62de-4af1-be4a-4ae2b363b0d7?r=1.7777777777777777，喜歡的話歡迎到我的 TikTok 看更多作品！，https://vt.tiktok.com/ZSJFs1gsn/
中醫系男大生鮭頭痛,2021/03/18,20:30:22,https://www.dcard.tw/f/funny/p/235576617,https://youtu.be/J4ccmvx1D4c，為這名中國醫藥大學的男同學感到悲傷，記者為他加油打氣！
所以有人要改名叫「倉酷」嗎？,2021/03/18,20:32:22,https://www.dcard.tw/f/funny/p/235576627,嗨~大家好，我是164的??，如題，滑IG的時候突然看到大倉酷眼鏡的活動，忍不住笑了，所以有人要為了配眼鏡去改名叫「倉酷」嗎？改名潮又要來了嗎σ ﾟ∀ ﾟ) ﾟ∀ﾟ)σ ，會不會2021的熱門名字排名變成是「鮭魚」或「倉酷」?，https://i.imgur.com/0F4AmXY.jpg
台北有鮭魚嗎？,2021/03/18,21:02:38,https://www.dcard.tw/f/funny/p/235576837,有鮭魚嗎？，是鮭魚的留言??‍♀️??‍♀️?‍♂️?‍♂️
鮭魚迴游潮╮(╯▽╰)╭,2021/03/18,21:33:49,https://www.dcard.tw/f/funny/p/235577079,這是第一線戶政人員的說法，這個媽媽回話也很有趣?，上課無聊滑到這個快笑死?，https://i.imgur.com/d5Gsuit.jpg
不鮭路的鮭魚之亂,2021/03/18,21:37:37,https://www.dcard.tw/f/funny/p/235577099,https//i.imgur.com/y8ypxHg.jpg，●上排：海苔壽司、雞蛋壽司、鮭魚卵壽司，●下排：鮮蝦壽司、鮭魚壽司、鮪魚壽司，［鮭魚壽司］，https//i.imgur.com/DB0JmIg.jpg，［鮮蝦壽司］，https//i.imgur.com/sSQ7kWa.jpg，［雞蛋壽司］，https//i.imgur.com/10ATW17.jpg，以上就是我參與的鮭魚之亂，不曉得大家有怎麼樣有趣的參與呢？，---，看想更多的氣球作品的話，歡迎到我的FB或IG欣賞更多的作品，▶▶▶FB粉絲團， https://www.facebook.com/magictedlin/，▶▶▶IG， https://www.instagram.com/x90391/
鮭魚之亂 浪費食物的人都下地獄,2021/03/19,01:47:11,https://www.dcard.tw/f/funny/p/235578920,我看壽司郎的貼文下都是一些在單方面罵壽司郎的評語，怎麼都不是檢討鮭魚們？，坐在門口跟每個人說要不要進去吃免費，一桌酌收200？，請問這是公司問題？，還是鮭魚貪小便宜的問題？，公司行銷部出這個鬼活動，相信店鋪人員也很辛苦，這邊說聲辛苦了，而打著鮭魚名號來吃的朋友們，真的吃完的，也就只是來參與活動，沒吃完的、浪費的，真的會下地獄，很多人說吃到飽的都有很多對策，但說真的 壽司郎也不是吃到飽的餐廳吧，真的是不用永遠都只檢討別人，感覺這次活動最悲劇的是貪小便宜又吃不完的人，（雖然這活動還是很鳥）
鮭魚之亂,2021/03/19,10:41:21,https://www.dcard.tw/f/funny/p/235580076,沒有夢想的人，才會為了免費壽司改名字，台灣大學生素質?，https://i.imgur.com/bfKJqXc.jpg
有勇士要改名成這三個字嗎？,2021/03/19,13:38:41,https://www.dcard.tw/f/funny/p/235581098,https://i.imgur.com/e1RBtEW.jpg
小時候的俗語,2021/03/19,13:57:10,https://www.dcard.tw/f/funny/p/235581193,剛剛在跟阿嬤看電視，看到又有長輩被很老套的詐騙話術騙騙去～，我就跟阿嬤說真的是”沒常識也要看電視”，突然好回味這種過時代的梗（就像現在流行的鮭魚以後也會變很俗），大家一起分享起乃??
這比改鮭魚划算多了?,2021/03/19,14:35:16,https://www.dcard.tw/f/funny/p/235581412,https://i.imgur.com/1fIjKyH.jpg，如題 鮭魚們後悔沒
鮭魚新聞轟炸,2021/03/19,15:36:38,https://www.dcard.tw/f/funny/p/235581786,看了這麼多鮭魚轟炸，，我只想說，，，人多必有白痴，，，人多必有白吃，，，人多必有白吃鮭魚
改名請三思?,2021/03/19,15:46:38,https://www.dcard.tw/f/funny/p/235581842,鮭魚之亂席捲全台，好多人改了名字只為免費鮭魚，不過免錢的往往都是最貴的⋯吧？，凡取名鮭魚者，必為大凶?，https//i.imgur.com/19wQyhn.jpg，https//i.imgur.com/MsQq3TO.jpg，https//i.imgur.com/03hkSuJ.jpg，https://i.imgur.com/7PY1j2l.jpg，至少我查到的是這樣?，有人的姓+鮭魚是吉利的嗎？
酒駕犯8大鮭因,2021/03/19,17:00:36,https://www.dcard.tw/f/funny/p/235582259,真的別走到「不鮭路」，再不負責任地「鮭去來兮」，https://www.instagram.com/p/CMjltNZgVSM/?igshid=1h34dwez5gjgb
我的名字叫「臺灣」,2021/03/19,17:38:59,https://www.dcard.tw/f/funny/p/235582516,不囉嗦，直接上圖，https://i.imgur.com/pP5B8xA.jpg，中文譯名就叫「臺灣·瓊斯」，為美國一名美式足球員，根據維基說明，他媽媽很喜歡T開頭的單字，於是幫他們家3個小孩分別取T開頭的名字，「臺灣」的哥哥叫作「泰國（Thailand）」，姐姐則叫「Tasia」，裡頭也很巧帶有地理名詞「亞洲（Asia)」（自行超譯????⋯⋯，感覺滿有趣的，畢竟臺灣最近誕生那麼多鮭魚，讓人對所謂「取名」開始帶有幾分好奇心與疑問，也讓我想起之前看過某足球員以「臺灣」為名，因此想跟大家分享這趣事，自己認為巧合成分滿低的啦???
被鮭魚撞了,2021/03/19,18:06:54,https://www.dcard.tw/f/funny/p/235582670,#轉載網絡，https//i.imgur.com/dO46krS.jpg
這些字你都會念嗎?,2021/03/19,18:09:05,https://www.dcard.tw/f/funny/p/235582681,最近除了鮭魚之亂也在吵高麗菜發音，https//i.imgur.com/By4b4ZB.jpg，之前他還問過像是，咖ㄎㄚ哩飯，蚵ㄜˊ仔ㄗˇ湯，餛ㄏㄨㄣˊ飩ㄊㄨㄣˊ，丼ㄉㄢˇ飯，之類的，我都不知道如何跟他解釋為甚麼我們一堆不同的發音，然後還告訴他平常都要唸錯別人才懂XD，不知道還有哪些很奇特的發音，大家都是怎麼念的啊？
「鮭魚之夢」把ETtoday記者惹火了？,2021/03/19,20:46:36,https://www.dcard.tw/f/funny/p/235583705,這幾天真的快看膩鮭魚新聞⋯，但這兩篇真的讓我笑爆，第一篇先覺得，天啊這位記者好大氣，竟然還真的要請他吃飯，獨／「張鮭魚之夢」曝2天吃爆壽司郎戰果　喊：採訪我要請吃屋馬，https://www.ettoday.net/news/20210319/1941984.htm?from=ettoday_app，第二篇，記者：老虎不發威，當我們吃素？，壽司郎醬包成「免費馬賽克」！黑歷史連環爆　張鮭魚之夢說話了，https://www.ettoday.net/news/20210319/1942042.htm?from=ettoday_app，整篇都是鮭魚之夢黑料哈哈哈，看來鮭魚之夢把ETtoday記者惹火到不行哈哈哈哈，凹飯的下場哈哈哈哈哈哈哈，抱歉我在看好戲⋯，但真的很好笑
真叫鮭魚不丟臉　日本人：但千萬不要叫鮪魚,2021/03/19,22:47:33,https://www.dcard.tw/f/funny/p/235584550,連鎖壽司業者壽司郎舉辦活動，引來全台超過300人為免費壽司而改名的「鮭魚之亂」，在台灣的日本網紅「日本人的歐吉桑」下坂泰生表示，鮭魚在日本人心目中的形象很好，如果真的沒辦法改回本來的名字，其實鮭魚也是很好的名字，但他提醒，同樣在日本也很有人氣的鮪魚，就完全不適合當名字。，日本人的歐吉桑今晚在粉專發文，鮭魚長大後為了繁殖會游回自己出生的地方，這種逆流努力前進的樣子，讓日本人非常感動，所以如果有人改名鮭魚後改不回去本來的名字，其實也不用覺得丟臉，跟日本人自我介紹時，可以堂堂正正地表示「我是鮭魚」。，然而如果換成鮪魚的話，那就不行了，日本人的歐吉桑表示，因為在日文隱喻裡，會將嘿咻時沒有反應的女生稱為「鮪魚」，所以女生千萬不要將日文名字取為鮪魚，不然在介紹自稱「我是鮪魚」的話，大家一定會嚇一跳或笑出來。https://tw.appledaily.com/life/20210319/NKB5OSF5RFE6BOPFWZE7E57RHM/
鮭魚流行完換SIM卡,2021/03/19,23:10:50,https://www.dcard.tw/f/funny/p/235584721,https://i.imgur.com/qnvTnnu.jpg，看完頂樓沒多久就覺得吃SIM卡很有梗，沒想到本土劇也跟上了編劇也有看頂樓?
一日鮭魚活動,2021/03/19,23:44:37,https://www.dcard.tw/f/funny/p/235584977,雖然鮭魚活動結束了，我想找當時西門現場跟台北店現場的同行，如果1100在西門有被我們服務到的也歡迎留言，感謝，https//i.imgur.com/Z22qeKL.jpg
關於鮭魚卵們可能會面臨到的問題,2021/03/20,00:10:01,https://www.dcard.tw/f/funny/p/235585167,最近一波鮭魚之亂讓我想到關於改名的回憶。，，，還記得好幾年前（印象中應該是國中時期吧）把身分證搞丟，，阿姨帶著我去戶政事務所補辦，，在出發前告訴不懂流程的我補辦需要回答行員一些問題。，，幫我補辦的行員是一位一臉嚴肅的叔叔，，當時年紀小的我有點緊張也有點害怕出錯，，但還是乖乖認真回答每個問題。，，行員叔叔問了一些與我有關像是戶籍地址那類的問題，，（因為是好幾年前的事情我幾乎快忘光他問過我什麼），，感覺行員叔叔很熟悉流程，所以問到後來從一開始盯著電腦變成盯著我，，等我回答完畢才會看一眼電腦確認我的回答是否正確，，最後他一臉嚴肅的看著我問道，：「你爸爸改過名字，他原本的名字是？」，，我：「XXX」，，，（依舊盯著我），，：「然後改成？」，，，https//i.imgur.com/nZZOSfc.jpg，，只能說當時的我感受到行員叔叔隱藏不住的笑意。，，最近的鮭魚之亂對我來說除了真的很好笑以外，，身為蘿蔔的女兒不禁為鮭魚們的孩子捏一把冷汗，，，雖然不知道未來補辦身分證還會不會像多年前的我一樣需要回答一些問題，，但如果需要的話，，「曾經跟鮭魚一起看蔣公逆流而上」、「許星光流連擊鮭魚」、「劉品漢帥鮭魚」、「潘同鮭於盡」⋯等，，你們的孩子們應該會比我還想找個洞把自己埋起來吧。，，，當時會發現他把名字改成胡蘿蔔還是因為去辦戶口名簿影本才知道，，所以我至今都不知道他當時到底為什麼要改名成胡蘿蔔，，，，另外也很替我爸鬆一口氣，，幸好他在過世之前有把名字改掉，，不然塔位、骨灰罈跟神主牌如果都寫著胡蘿蔔，，應該就不是只有我尷尬了⋯⋯^_^
鮭魚會後悔嗎 不知道,2021/03/20,00:40:57,https://www.dcard.tw/f/funny/p/235585376,今天去申請戶口名簿，發現我爸之前有改過名字，而且哪一天改什麼名字原本叫做什麼上面都會寫的非常清楚，回歸到正題，那以後如果公司要看戶口名簿，那這樣鮭魚們會被公司怎麼想呢？，題外話 哈哈，[爆卦] 壽司郎正考慮推出鮪魚和鰻魚的企劃，http://www.ptt.cc/bbs/gossiping/M.1616152422.A.D35.html
有一種鮭魚~,2021/03/20,00:42:01,https://www.dcard.tw/f/funny/p/235585390,"最近看到別人為了吃免費壽司，，結果改名改到次數用盡，或是改了過了期限，所以靈感來了，改改歌詞，發發廢文，，可能沒押韻，或改的不好，，但只為博君一笑。，________________________________，我不羡慕他們，吃不到那鮭魚，有些名字我們都一樣，我太嫉妒那些，能改名得大方，不用付錢也就無需錢包，有一種悲傷，是你的名字改造成他媽鮭魚，陪伴我吃飯决定我微笑模样，無法遺忘，有一種悲傷，是笑着與你吃著壽司，卻忘記了期限，剩下醋飯，剩下帳單一張，oh~oh~，成為鮭魚的路多好笑，怎會失去熱趣?，有一種悲傷Oh~ ，留在我過往 ,無法遺忘Oh~， ，有一種悲傷  ，是你義無反顧 讓鮭魚成 你身上的名，給我改名 卻不准我改回，有一種悲傷 ，是想要吃壽司郎， 壽司才能吃免費的，你是壽司 你是鮭魚一隻，，ps，我沒改名"
＃好玩 可以賺咖啡呦,2021/03/20,05:35:23,https://www.dcard.tw/f/funny/p/235586552,好奇地問一下。。。，如果是一家汪汪咖啡廳出這種優惠，「名字有汪或是狗的人，就可以免費」，真的會有人改名嗎？，超好奇誒，賺咖啡！！～～，https://56576807.blogspot.com/2021/03/how-to-get-free-coffee.html
眾望所鮭 就說名字要改長一點吧,2021/03/20,08:17:11,https://www.dcard.tw/f/funny/p/235586691,鮭魚之亂還有續集！　日媒爆：壽司郎擬推「鮪魚、鰻魚」企劃 ，https://www.ettoday.net/news/20210320/1942305.htm?from=ettoday_app，就說名字要改長一點吧，沒 開開玩笑，改不改名字是自由，但不要浪費食物???，浪費食物就真的沒有鮭矩ㄌ?
你叫亮搞玩嗎？,2021/03/20,08:41:03,https://www.dcard.tw/f/funny/p/235586725,先前的鮭魚之亂後，YouTuber亮搞玩 也開始跟風了，只要名字有亮搞玩就可以拿到1萬元獎金！！！，https//tw.news.yahoo.com/%E5%85%88%E5%88%A5%E7%AE%A1%E9%AE%AD%E9%AD%9A%E4%BA%86-%E5%90%8D%E5%AD%97%E6%9C%89-%E4%BA%AE%E6%90%9E%E7%8E%A9-%E5%8F%AF%E6%8B%BF1%E8%90%AC%E5%85%83-youtuber%E9%80%996%E5%A4%A9%E9%80%81%E5%A4%A7%E7%8D%8E-130300493.html
諷鮭魚之亂！尋豬頭白癡腦殘　水產業者：敢來我就敢請,2021/03/20,10:16:07,https://www.dcard.tw/f/funny/p/235586979,鮭魚之亂鬧上國際媒體版面，澎湖水產業者「阿琛」直批台灣價值觀錯亂，昨晚在臉書公開PO文，尋求名字有「豬頭、白癡、二師兄、八戒、王八蛋、腦殘」者，他免費招待20名持證者，若這些名字全包者，另贈紅酒一瓶。他表示，因為擔心真有這種神經病，怕被吃垮，所以才限額設下停損點，「只要你敢來，我就敢請！」，吳祖琛在他的臉書粉絲頁「賣魚阿琛」PO文「賣魚阿琛好康大放送，即日起，我們在澎湖免費招待20名客人免費吃海鮮，凡是身分證上名字有＂豬頭＂、＂白癡＂、＂二師兄＂、＂八戒＂、＂王八蛋＂、＂腦殘＂者，我們就免費招待持證者！」，「身分證上是＂豬頭白癡二師兄八戒王八蛋腦殘＂者，再免費招待您法國勃根地夏隆內丘產區紅酒一瓶。＂豬頭白癡二師兄八戒王八蛋腦殘＂先生或小姐，我們在找您…快點來澎湖讓我們招待…」，吳祖琛表示，看到這麼多人為了吃鮭魚壽司而改名鮭魚，真的很扯，台灣的價值觀錯亂了，他無法認同，所以昨晚才以嘲諷方式，在臉書上公開PO文。，不過，吳祖琛也怕真的有人會亂搞，所以先預設條件，只限量招待20名持證者；另外，由於他不了解紅酒行情，所以先上網到大賣場搜尋了紅酒行情，他招待的這瓶約4、500元。，https//tw.appledaily.com/life/20210319/WSPRJXA3EJARJIYB7GWIRH3M4Q/，.....................................，「林高價鮭魚」2天賺1萬外快！今改回本名稱：比較愛鮭魚名，昨天活動結束，今天一早就有民眾回戶政單位改回名字。其中一名林姓大學生，17日傍晚前改名「林高價鮭魚」，今天一早到南區戶政事務所將名字改回來。，他表示，會用「高價鮭魚」是感覺有種「高價級的感覺」，改回原名沒有特別高興，用「林高價鮭魚」這名字時比較高興，改名期間他也用手機錄影紀錄全程，這2天來他﻿揪團13攤，算一算大約吃掉店家約9萬元，另在網路上收費揪團，讓他賺了1萬多外快。，https://udn.com/news/story/122043/5329198?from=taboola-relatednews_ch2
清大碩士生改名鮭魚想當網紅 沒爆紅的話就當工程師,2021/03/20,10:43:53,https://www.dcard.tw/f/funny/p/235587091,就讀清大研究所的「許山德樂跟紅國魚與綠國魚吃汕頭鮭魚」同學，昨天帶5名同學吃大餐。他說，因為經營美食部落格，這次若沒爆紅，只好乖乖當工程師。許同學笑說，只剩1次改名機會，「除非送特斯拉，才會考慮再改名！」，https://news.ltn.com.tw/news/life/paper/1437895
不用獨守空「鮭」了，填問卷抽加菜金！,2021/03/20,10:51:01,https://www.dcard.tw/f/funny/p/235587125,最近的鮭魚之亂讓身邊朋友們紛紛討論到底自己會不會去改名，，回到家連爸媽都對此想發表一下意見。，大部分的討論還是「被知道改名到底會不會影響未來雇主的觀感？」、「改不回來怎麼辦」、「這樣吃真的好浪費阿（看這那些醋飯堆成山的新聞）」，以及身邊根本沒有願意改名的帶我免費吃一頓XDD，https://i.imgur.com/9G0DK1g.png，然後又想到自己最近的 Side Project 研究，就是希望可以多了解一個新的產業，做個好的 Case Study，未來不用靠當鮭魚一代也可以讓雇主記得我 (?) ，這就有賴各位好心的板友可以花5分鐘填個小問卷 <3333，＿＿＿＿＿＿＿＿＿＿＿＿＿＿＿＿＿＿＿＿＿＿＿＿＿＿＿＿，現在填問卷回答你最喜歡使用的音樂 App，就可以抽300元加菜金來多點一盤鮭魚！，問卷填寫至 3/21週日晚上 10:00 為止 <3 希望各位可以好心幫幫忙救救邊緣人 !!，抽獎結果會在3/27 前 e-mail 通知中獎者噢，問卷連結：https://lihi1.cc/uRFZV ，＿＿＿＿＿＿＿＿＿＿＿＿＿＿＿＿＿＿＿＿＿＿＿＿＿＿＿＿，希望自己可以擺脫當無聊上班族，有一些好玩的 findings 可以成功轉職 XD
掃鮭魚墓,2021/03/20,12:03:43,https://www.dcard.tw/f/funny/p/235587429,"https//i.imgur.com/BU1wjUS.png，https://www.metropop.com.hk/%E9%AE%AD%E9%AD%9A%E4%B9%8B%E4%BA%82-%E5%B8%AD%E6%8D%B2-%E6%8F%92%E7%95%AB%E7%95%8C，如果你爸爸過世 改名成""鮭魚""，那更好笑，你連他為什麼叫鮭魚都不知道"
高雄發大財了嗎,2021/03/20,12:04:03,https://www.dcard.tw/f/funny/p/235587430,高雄不是發大財了嗎，怎麼還這麼多鮭魚改名，不知道最後誰可以獲得鮭魚國稱號
很讚的鮭魚思考法,2021/03/20,14:15:26,https://www.dcard.tw/f/funny/p/235588181,https://youtu.be/8iopEfM-r1g
鮭魚同胞們還好嗎？,2021/03/20,15:41:41,https://www.dcard.tw/f/funny/p/235588725,https://i.imgur.com/p4jPpxv.jpg，#梗圖 #壽司郎 #圖片取至網路
爭鮮綠色豆皮壽司?,2021/03/20,18:59:21,https://www.dcard.tw/f/funny/p/235589751,如題，有人知道這又是什麼新品嗎... （菜單上沒有?，btw 堅果稻荷真是個偉大發明?，https://i.imgur.com/NAxkuyF.jpg
德國真的有人叫「鮭魚」,2021/03/20,20:13:35,https://www.dcard.tw/f/funny/p/235590167,"台灣近日的「鮭魚之亂」也受到其他國家的關注，例如德國這篇報導""Mein Name sei Lachs: Zahlreiche Taiwaner ändern Namen wegen Werbeaktion für Sushi"" (我的名字是鮭魚：很多台灣人為了壽司促銷活動而改名)，因此我想跟大家分享兩個德國冷知識：，1. 德國人的姓氏中真的有人姓「鮭魚」，還有幾個比較有趣的姓像是""Müll (垃圾)""、""Schwarz (黑色)""、""Schwein (豬)"" ，2. 德國改名很不容易，如果不是特別有什麼原因的話通常不能改，費用也都很高（可能高到250歐元），如果申請改名被拒絕的話，也要負擔一筆費用（沒改成還要付錢的意思，畢竟使用了資源），所以這次的鮭魚之亂在德國比較不會發生，因為太划不來了哈哈。，，更多德國冷知識請看 Instagram: ikellytalk https//open.firstory.me/user/ikellytalk，https://open.firstory.me/user/ikellytalk"
各位鮭魚先別變回人類！因為「整尾」挪威鮭要送給你！,2021/03/21,00:35:17,https://www.dcard.tw/f/funny/p/235592036,只要你已經改了身分證，然後不管你有沒有吃到壽司郎，都沒有關係，快來把整尾鮭魚抱回家吧！！！，我等不及要吃鮭魚大餐了，求一個台北鮭魚，https://www.setn.com/News.aspx?NewsID=912948
你的臉皮有多厚？,2021/03/21,01:10:16,https://www.dcard.tw/f/funny/p/235592291,張鮭魚之夢
改名鮭魚不丟臉現在還有飛機杯呢,2021/03/21,02:29:41,https://www.dcard.tw/f/funny/p/235592701,還在魔法師世界的，快趁現在去拓展後宮吧，https://i.imgur.com/tluuNKQ.jpg
飛機杯之亂？,2021/03/21,07:32:24,https://www.dcard.tw/f/funny/p/235593262,https://i.imgur.com/7jBjojJ.jpg，有沒有「張」或「曾」飛機杯同學？，或者鮭魚飛機杯之類的?
鮭魚活動延燒?一人200 AVR體驗,2021/03/21,08:49:27,https://www.dcard.tw/f/funny/p/235593366,https://i.imgur.com/pF4q3TI.jpg，有興趣請填寫表單報名?，鮭魚互助會！鮭魚人數有限 先報名先贏，https://forms.gle/az2d2Z4mLVCmTaGV8
東坡肉吃到飽！？,2021/03/21,13:10:46,https://www.dcard.tw/f/funny/p/235594261,最近很多人為了壽司郎改名叫鮭魚 (◐‿◑)﻿，如果古代有東坡肉吃到飽這個活動，蘇軾一定很開心 (づ ●─● )づ，「不要為了食物改名，而是要讓食物以你的名字命名」，By東坡居士(並沒有)
笑你們不敢,2021/03/21,20:37:44,https://www.dcard.tw/f/funny/p/235596931,這幾天一直看到檢討鮭魚們的人，從「觀感不好」到「影響台灣人國際形象」到「命盤」，現在還多了個「員工形象」，看了真的覺得這些人真的很好笑，原來只是一個活動就可以把你們醜陋的內心逼出來，一堆留言說「假設我是老闆，我絕對不會錄用」，笑死，你就不是啊，真的有公司老闆很不屑這些人的話，反正你們都覺得人才到處都是嘛，改名字參加活動的人人品一定不好、一定是愛貪小便宜、愛濫用權力，那就像憲哥那樣直接把公司名字攤開來讓你看不起的鮭魚們不要投履歷啊，笑你們不敢啦
呼叫飛機杯,2021/03/22,01:27:31,https://www.dcard.tw/f/funny/p/235599188,https://i.imgur.com/rY8Xw3d.jpg，剛剛在滑Dcard看到的廣告，，我可以理解有人改名叫做鮭魚，但是真的有人會願意抽個飛機杯改名叫做飛機杯嗎⋯
鮭魚之亂的受害者???,2021/03/22,10:14:17,https://www.dcard.tw/f/funny/p/235600339,話說某一天我心血來潮的去整理我的頭髮，這時我的朋友突然來電問我在幹嘛，我沒有多想就把當下在燙頭髮的照片傳給他，接著她卻瘋狂大笑的說，這鮭魚頭的梗圖是去哪裡找的？我心想：三小啊！這不是梗圖明明就是原圖好嗎？！，#妳餓了嗎？?，https://i.imgur.com/DdlXKVc.jpg
免費活動過了才改名叫鮭魚,2021/03/23,13:16:17,https://www.dcard.tw/f/funny/p/235608679,唸工程的魯宅如我，看到台灣最近的鮭魚之亂，心血來潮跟風寫了一個小程式，想要跟風的各位假鮭魚，可以玩玩看（雖然活動已經過了XD，網址：，https//i.imgur.com/v3LgfrB.jpg，https://i.imgur.com/oQbh1NY.png，—————————更新——————————，假鮭魚軍團到現在（3/24晚上12點），已經遠遠超越台灣的三百鮭魚壯士啦XDD，......1600也太可怕了吧......，謝謝各位假鮭魚 ?  ?  ?  ?，https://i.imgur.com/1Jo7Yd4.png，對詳細內容有興趣的，可以私訊我看Github連結喔 ? ，（沒寫得多好就是了XD，私訊IG @salmon-id-generator 就可以了
南投警二代 vs 台中富二代,2021/03/23,15:51:07,https://www.dcard.tw/f/funny/p/235609668,首先，南投警二代，姓名：，(保護個資無法公佈)，可惜了== 吟首詩好了，田地秋風清，勝壽無數年，傑出山高樓，口中十二千，交飛鳥歸來，王候喜相憐，生平作為：，https://i.imgur.com/Twmn4up.jpg，傑出生父：，事件長達兩年，都被壓下來，這不叫護短，什麼才叫護短，就是覺得大家都健忘，反正裝死總有一天會沒事，確實啦，今天要不是我大哥 巴哈還坦著，可能大家也都忘了，不過就算久久燒一次，我也要這把火燒到你們，-----------------------------------，再來，台中富二代，姓名：，(保護個資無法公佈)，可惜了== 再吟首詩好了，張公堂深山，兆狼藉草白，薰嵌空江水，飆怪石鏡臺，車不得一朝，仔細煙塵埃，生平作為：，https//i.imgur.com/OyobdBz.jpg，-----------------------------------，抱歉了，可能很多人看到很煩，但我就希望洗到整串熱門都他們，不要再看什麼張鮭魚之夢ㄌ，至少要教會兩位弟弟「對不起」三個字怎麼寫，不是出事了，仗著自己家庭有錢有勢，就可以悶不吭聲，都成年了，出來說句對不起很難嗎???，誠意都沒看到，還要跟人家講什麼?，最後，回歸標題，南投警二代 vs 台中富二代  怎麼選，算了不選了==  一樣俗辣一樣爛，如果有啥漏掉再麻煩大家幫補充，\頂起來/
原來改名字是商業頭腦～,2021/03/23,21:53:03,https://www.dcard.tw/f/funny/p/235612049,先在這邊聲明一下 因為下面回覆有人說，我是YouTube的朋友阿還是本人啊 才發這篇文章去蹭熱度，拜託一下 我也只是看到新聞 發迪卡跟大家討論，沒什麼別的意思阿?? ，是說他們今天發了個影片 說為什麼他們舉辦這個活動，內容是說 改名的這些人 沒有讓公務員造成困擾，甚至說改名的人有商業頭腦（？，https//i.imgur.com/XXY2rNv.jpg，但明明算是浪費社會資源 趁著鮭魚之亂想紅吧？，有點把事實合理化了吧⋯，https//i.imgur.com/eltTjqt.jpg，https://i.imgur.com/9gzpftB.jpg，覺得辦這活動還要特別發影片回嘴大眾 有點太超過了，是真的想紅想瘋啦？？？?
再穿我的褲子，就把你改名陳鮭魚?,2021/03/23,23:21:52,https://www.dcard.tw/f/funny/p/235612736,事情是這樣的?，前陣子網購了一件長裙一件短褲，為了省那只有60塊的運費（對，我窮?，能省小錢 絕對不能省買衣服的大錢?，於是我選了在大多數能免運的超商-萊爾富取貨，但礙於附近的萊爾富都離學校太遠，我懶得去?，就只好請男友先幫我取貨了（他上學的路上剛好會經過萊爾富?），接下來...取貨是取貨了，只是過幾天，我又想到商品還是檢查有沒有瑕疵比較保險，結果- - - - - - - - - - - - - -我是分隔線，，https//i.imgur.com/HM2CieS.jpg，https://i.imgur.com/KMLgTge.jpg，底下有實際著裝照，怕嚇到人，先放個防雷圖 - p.s.吉利真的有夠可愛?，https//i.imgur.com/6r5ftZq.jpg，還自己加上評價？！，https://i.imgur.com/HsrPyJu.jpg，眼睜睜的看著我的裙子跟褲子被折騰，嗯?我只能說我真的是又氣又笑 ，大家的另一半也會亂穿對方的衣服嗎？，(｡･ω･｡)，#⚖️&?
改名換姓得性福,2021/03/24,21:17:25,https://www.dcard.tw/f/funny/p/235618982,如題，廣大男性趕快去改名字，先搶先贏，限五名，既鮭魚之後的新潮，改名換姓...?，https://i.imgur.com/eOds4LL.jpg
有人這次也要改名嗎XD,2021/03/26,04:54:59,https://www.dcard.tw/f/funny/p/235628466,https://i.imgur.com/9sRRP6u.jpg
是我孤陋寡聞嗎？,2021/03/26,22:37:52,https://www.dcard.tw/f/funny/p/235633641,鮭魚之亂吸引一堆店家跟進，飛機杯就算了，請問「雙星毛巾亮搞玩」是想要拿什麼優惠......，毛巾能理解 可是亮搞玩???!，不要把興趣也寫上去啊!!??，https://i.imgur.com/0nI1uuk.jpg
鮮蝦手卷沒有飯啊 你不知道嗎？,2021/03/28,14:46:05,https://www.dcard.tw/f/funny/p/235643143,?昨天突然想吃壽司，我自己的食量其實不大，如果單單是握壽司 大概4～5盤就飽了，昨天剛好吃了10盤，我跟我男友說，欸 我10盤裡有5盤都是鮮蝦手卷，男友：那其實你也吃了很多飯欸，我：蛤？沒有啊 鮮蝦手卷沒有飯啊，男友：蛤？是嗎？我一直以為有欸，男友：我吃那麼久都覺得有飯，（我默默地撥開我手中的手卷給他看...，https://i.imgur.com/Nei9Bkn.jpg，最近工作量莫名變大，就很想買衣服很想逛街，逛了二樓的zara試穿完都有點太大了，走到了一樓我怕男友太累，我就說「我還可以逛嗎？」，他：可以啊 可是等一下，（我想說 等什麼？，他突然蹲下來幫我綁鞋帶，他：綁好才能繼續逛啊 才不會摔倒，https://i.imgur.com/Uv2o1GY.jpg，?齁～有你真好❤️
「鮭魚之亂」成國際笑話！怎麼用英文回嗆老外？,2021/03/29,11:16:59,https://www.dcard.tw/f/funny/p/235648594,由於壽司餐廳舉辦促銷活動，讓全臺上百位年輕民眾前去改名為鮭魚，被外國媒體戲稱為鮭魚之亂，而如果要跟外國朋友說這件事的話要怎麼說呢？，https://youtu.be/p-fUfagJTQM
台北捷運「這2站」被點名命名失敗 網共鳴：在地人都錯亂！,2021/03/29,11:22:46,https://www.dcard.tw/f/funny/p/235648621,台北捷運四通八達，更是許多學生和上班族重要的通勤工具，但你是否有搞混站名的經驗呢？近日一名網友抱怨，北捷有2個車站命名失敗，身邊不少朋友都曾搞錯，貼文引起過來人的共鳴。，原PO在PTT發文表示，「已經聽過好幾個案例了，例如約中山國中站見面，結果跑去中山國小站，不然就是講錯見面地點，連台北人都錯亂的中山國小站與中山國中站是不是命名失敗？」，貼文一出，網友留言回應，「我也搞不懂為何用中山國小站不用林森民權站」、「名字太像，對外地人不友善」、「以前真的有遇過人弄錯在找路的」、「我是不會搞混，但要常常確認對方有沒有搞混，還是改名比較好」、「站名的確不友善外地人」。，也有人分享其它常搞混的站名，「之前跟別人約善導寺，他給我跑去龍山寺」、「台電大樓與科技大樓也搞混過」、「去碧潭不能在小碧潭下車」、「曾被新店區公所騙過，要到區公所得在七張下車」https://udn.com/news/amp/story/120911/5348973
真相,2021/03/13,16:46:02,https://www.dcard.tw/f/trending/p/235540625,https://i.imgur.com/3QwVGG9.jpg，      目前時事版上有兩位號稱真相的假相！思想都非常極端恐怖，常常在版上發表一些充滿火藥味的文章引發鍵盤戰........，      右邊這位是一直都以假相自稱，思想綠到出汁，常常在版上嗆藍營的人，並且還整天號召大家罷免國民黨的官員，例如新北市的侯友宜市長，       左邊這位是最近才改名的！大家可能都認識他，以前是號稱客觀打假的主觀批鬥，最近常常改卡稱，一下改叫換位思考一下又叫客觀青年，他是另一種極端，極統思想，整天在版上發文呼喊”厲害了我的農場”並且常說臺灣是中國神聖不可分割的領土，不然就常常嘲笑臺灣人很窮！都買不起汽車....... 他剛開始改名叫真相時我還下了一跳想說右邊那位假相先生什麼時候思想180度大翻轉，後來去看以前的對話紀錄才知道是主觀批鬥冒用了假相的名字，      至於如何分辨真正的假相跟偽假相！其實大頭貼就知道了，真假相大頭貼寫著B！至於前身是主觀批鬥的偽假相大頭貼是寫R，方便記憶就想說R是red象徵偽假相極紅！
擅自改釣魚臺名稱後 日本打算登島設「新行政標識」,2021/03/16,09:51:59,https://www.dcard.tw/f/trending/p/235558320,?日本沖繩縣石垣市2020年片面將釣魚台列嶼改名，?當地政府又有意進一步登島更新行政標識，未來將向日本政府提出登島申請，?當地政府宣稱，釣魚臺是日本固有領土，希望再度讓國內外知道，https://bcsun-focusnews.blogspot.com/2021/03/blog-post_60.html
台灣進入大鮭魚時代！？,2021/03/17,17:07:39,https://www.dcard.tw/f/trending/p/235568075,台灣人真D猛，為了免費吃壽司郎 而跑去戶證事務所改名，壽司郎應該也傻眼吧！，https://i.imgur.com/uwbxC9n.jpg
居然有人真的去改名字!,2021/03/17,17:44:06,https://www.dcard.tw/f/trending/p/235568369,https://liff.line.me/1454987169-1WAXAP3K/v2/article/7L0MmQ?utm_source=copyshare，先不要講命理問題，三次很快就用完了，你真的希望墓碑上刻什麼鮭魚鮪魚？我懷疑現在去改名的都是可憐的壽司郎員工，被當成行銷的?
關於鮭魚之亂,2021/03/18,07:58:04,https://www.dcard.tw/f/trending/p/235572503,其實對於壽司郎來說，他們舉辦這個活動我覺得對於他們很划算，因為各大網站、新聞媒體都有他們的報導，雖然有幾十個人改名，但對於他們來說這無疑是免費的廣告機會，當然拉這只是我的想法，有其他想法可以底下留言。
從鮭魚事件看台灣年輕人的短視近利,2021/03/18,10:18:21,https://www.dcard.tw/f/trending/p/235572919,台灣有這些年輕人，一點點小利，連父母取得名字都可拋，還能振振有詞，我星期五就改回來了，唉⋯⋯，所以你是覺得自己的行為很可取？？，殊不知這個鮭魚紀錄之後會跟著你一輩子，感嘆現在的年青人在黨的課綱下，有得吃連姓都可以改。這是黨政府最喜歡的人民，只會看眼前小利（用愛發電），看不到後面的機會成本（廢氣吸到飽），-------------更，我個人認為這反映出台灣現在的困境，此事反映了四個問題，1，經濟不好，許多人生活困難，2，洗腦教育下道德淪喪，不擇手段，3，黨政府去禮義廉恥課鋼，方便操控人民，4，黨政府無廉恥，官員人民上行下效
何時有吃鮪魚免費活動呢？,2021/03/18,10:37:14,https://www.dcard.tw/f/trending/p/235573006,壽司郎這二天辦鮭魚活動，名字有鮭魚可以免費，可是我最討厭吃鮭魚了，因為有一個讓我吃了想吐的味道，如果有鮪魚活動，我也會想參加，哈哈
最新鮑魚之亂！「新鮮活鮑」7天免費暢遊直播間　新北男中了,2021/03/18,12:39:58,https://www.dcard.tw/f/trending/p/235573668,號稱亞洲最大的私密成人平台SWAG跟上全台「鮭魚之亂」，要尋找「新鮮活鮑」，只要姓名內有「鮑魚」二字，就可直播間7天免費暢遊，引發網友討論。有人點名新北市一名全名36字的陳姓男子符合資格。，壽司郎連2天「愛的迴鮭，尋人啟事」活動在周三登場，今天（18日）是最後一天，讓姓名有「鮭魚」的客人同音1字9折、2字5折，同音同字整桌免費。由於難度太高，全台掀起改名潮，截至17日已有135名「鮭魚」，有網友預言，今將湧現大量鮭魚塞爆店家。，https//i.imgur.com/ViR5VjW.jpg
鮭魚之亂真的很鬧！但叫石斑我也不行欸,2021/03/18,13:13:56,https://www.dcard.tw/f/trending/p/235573890,現在台灣突然多出這麼多叫鮭魚的，真心很鬧，然後慶記之都市長說他叫陳石斑？！到底，https://www.cover.media/news/20210318/12365
談談壽司郎活動效益,2021/03/18,14:15:00,https://www.dcard.tw/f/trending/p/235574252,https://i.imgur.com/x2gkXwo.jpg，  認真想想其實壽司郎這個活動，又帶給我們ㄧ種新奇的另類行銷，全台大約有133人因為這個活動改名，如果以每人一天吃三次，一次6個人，估個6000應該夠多了，133*6*6*6000=3000萬左右，  表面看來是個大金額，但在長期來看，我覺得可以說算是一種非常便宜且成功的行銷手段，比起花個幾十萬在電視上廣告，找藝人代言，但卻記憶性遠小於這活動，我相信壽司郎近幾年不需要再打任何廣告了，全台灣幾乎沒人不知道他了。，  綜合以上，我相信這次的活動只是一個開始，未來可能需要改名的活動會層出不窮，但效果將會持續的下降，因為人們對於創新新奇總是感到有趣，所以我覺得壽司郎這個創新行銷做得很棒，但未來其他類似這種的活動是否還能有如此龐大的效果，不得而知。，  最後祝大家鮭魚吃飽飽
深海超粗大...鮭魚王警察上班前改回來,2021/03/18,15:45:16,https://www.dcard.tw/f/trending/p/235574831,https//i.imgur.com/rGnvZhu.jpg，https://youtu.be/ALNeh5NQ87c
鮭魚人到底真崩潰還是神行銷？,2021/03/18,16:59:01,https://www.dcard.tw/f/trending/p/235575242,今天身邊朋友針對這個議題好多好多爭辯，到底是行銷人員真被這些鮭魚人弄到？，還是真的是神之廣告人才呢？，各說各有理，誰也無法說服誰，可是我覺得，這個答案不是很簡單嗎，就是等著看未來是否有相關行銷再來一次就好啦，是吧是吧是吧?，，https://i.imgur.com/eLy76TN.jpg，，我現在就希望，鮭魚行銷再來快閃一次，還不讓那些把名字改回來的鮭魚人漚爆?，最虐就是，今天壽司郎直接公告，「鮭魚在哪裡活動將在未來有可能不定時展開」，讓你一輩子就叫鮭魚，讓你一輩子就叫鮭魚，讓你一輩子就叫鮭魚，這才是神操作???
狂　135人改名鮭魚　吃整桌免錢,2021/03/18,17:35:49,https://www.dcard.tw/f/trending/p/235575485,【綜合報導】知名日本迴轉壽司店「台灣壽司郎」推出只要昨、今兩天，姓名中有「鮭魚」2字，可享免費優惠。消費者原抱怨業者沒誠意，「誰的名字會有鮭魚啦」。沒想到竟引發全台改名「鮭魚」之亂，抱著吃飽就改回原名心態，昨天有多達135人改名。名字更是發揮創意，從「鮭魚」到全名長達36字都有。改名人數之多，昨午就被吃掉28萬元，壽司郎總公司都嚇到了，稱熱況超乎當初預期，但強調既然遊戲規則就是這樣，將如常繼續。，https//i.imgur.com/uLu1rdE.jpg，==================================，改名的都在閩南人集中的縣市呢，台灣閩南族群____不意外
不要浪費食物很難嗎？,2021/03/18,20:33:51,https://www.dcard.tw/f/trending/p/235576641,基本上，，名字叫什麼我不想干涉，，只要沒有貶義、沒有不雅，，就算是為了優惠而改名，也是個人自由...，但是浪費食物真的很可恥...，https://liff.line.me/1454987169-1WAXAP3K/v2/article/axYZmG?utm_source=copyshare
改名之亂...,2021/03/18,22:28:59,https://www.dcard.tw/f/trending/p/235577500,現在的店家真的是要讓大家都改不回來名字嗎??????，連眼鏡店也.....，https://i.imgur.com/a8NCoAs.jpg，行銷手法呀！
戶政事務所勸退各位鮭魚們,2021/03/18,23:12:19,https://www.dcard.tw/f/trending/p/235577853,https://youtu.be/ovvrWsEMOF8
改名叫鮭魚的滾出來！,2021/03/18,23:48:15,https://www.dcard.tw/f/trending/p/235578153,https://i.imgur.com/JSH6Spc.jpg，到底憑什麼可以浪費米飯？？  給妳吃免錢的 還浪費食物！！ 有沒有良心？！！  ，辦活動不是讓妳浪費食物的！！，為什麼不點赤身就好  點壽司不吃飯  糟蹋食物 ，會遭天譴的  可不可以有點良知？？  壽司米也是一粒粒跟稻米一樣種出來的  怕會吃飽  就不要點飯！！！，https://i.imgur.com/rXnfOlJ.jpg，到底為什麼！！！！！   ，難道鮭魚刺身 活動期間不能點嗎？？？
關於壽司郎的鮭魚風潮，我想說⋯,2021/03/19,00:02:23,https://www.dcard.tw/f/trending/p/235578276,今天我約了我其他朋友去吃壽司郎，因為我名字有個「瑜」字，想說趁著打9折優惠，享受一下下好吃的壽司。在吃飯與閒聊過程當中，我朋友發現我後面那桌的客人結完帳走掉了，但是送餐道上面還有一個100元的聖代，我們開始猜測隔壁桌客人只是去上廁所，所以才把聖代留在送餐道上，但等到我們吃的差不多，準備結帳時，發現那個聖代依然放在那邊，甚至開始融化，我們就趁結帳的同時，提醒了店員那邊有客人的聖代忘記吃了，換到的答案卻是讓我們一陣驚訝⋯，店員：他們那桌有人名字叫「鮭魚」啊！（口氣中表露出滿滿的無奈?）你現在看過去很多桌上還留著滿滿食物的人都是這樣啊！，我跟我朋友聽完都在搖頭，覺得這樣的行為真的非常不可取，我們總結了這次鮭魚之亂應該改進的地方，以下共有兩點：，1.壽司郎為了舉辦這次的活動，起初可能預設立場，以為台灣人不會這麼瘋狂，真的去改名為鮭魚，所以敢大膽提出這個特別企劃，卻沒有立個但書說-「請珍惜食材，浪費者應受罰」的字樣，導致一堆消費者衝著自己改名叫鮭魚，就一直浪費食材、點了又不吃，甚至不拿、還造成其他要點餐的客人必須等比以往還要久的時間才能吃到壽司。，2.客人的確為了這次改名下了不少功夫，像是專程跑去戶政事務所改名等等⋯，只為了能夠吃上幾千元的免費壽司，我們認為：吃多少，拿多少，才是美德！這世界上多少人有一餐沒一餐，結果你卻這樣浪費食材，看了真的非常心寒，原本吃壽司郎的好心情直接被大大打折?雖然說是壽司郎自己主辦這個活動給消費者的，但我們應該都要有同理心，以不浪費食物為原則，不是嗎？！，發這篇文最主要的目的還是想跟壽司郎的員工們說聲：您辛苦了！！！相信你們為了這兩天的活動一定忙得不可開交，看著一桌桌結帳的客人所浪費的食物也不能說什麼，更不能拒絕他們光臨，只能默默的做、不斷的做、只求能趕緊下班吧！最後，也希望大家能好好珍惜食材，也能夠擁有體恤各行各業辛勞的心?，以下照片放了一些我們要去結帳時經過的路上，看到的畫面⋯，https//i.imgur.com/qIUb6hM.jpg，上圖的送餐道上甚至有100元完好如初的聖代?
同鮭魚盡！男大生改名「張鮭魚之夢」才知用完三次機會,2021/03/19,00:32:42,https://www.dcard.tw/f/trending/p/235578497,「鮭魚之亂」真的亂了！台中一名就讀中醫系的男大生，今天一早也湊熱鬧去改名叫「張鮭魚之夢」，當他一拿到新的身分證，戶政人員告知他：「你已改名三次，不能再改了」，他當場傻眼愣住「該怎麼辦？」但因為瞞著爸媽改名，暫時還不想讓爸媽知道。，https//udn.com/news/story/122043/5328271?from=udn_ch2_menu_v2_main_index，**********，哪裡划不來?，吃鮭魚還能成為網路紅人
鮭魚之亂就能浪費食物？,2021/03/19,01:46:11,https://www.dcard.tw/f/trending/p/235578913,*非公審故將該帳號部分刪除*，*擷取限時動態影片片段，若有不符規定請盡快通知，我會立刻刪除*，全台鮭魚其中之一與其友人享受免費餐點：，https://www.dcard.tw/v2/vivid/videos/aa1d9d46-da69-4047-962c-1dae03bfaff0?r=1.4953271028037383，其實這幾天鮭魚之亂被報到爛掉，，佩服改名者的勇氣跟行動力，，更佩服壽司郎的優惠執行力。，但為了免費吃到飽，，把壽司上的食材吃掉，，剩下白飯藏在碗裡，，這樣真的好嗎⋯⋯，不是為了公審，，而是希望大家能從壽司郎提供本次的鮭魚優惠事件當中，，審視台灣人對於珍惜食物的教育！
壽司米其實也很好吃的⋯⋯,2021/03/19,01:51:28,https://www.dcard.tw/f/trending/p/235578942,我看到朋友限時的這張照片我就在想，為什麼不單點生魚片就好，還是壽司郎沒辦法單點生魚片？，飲料杯裡都是壽司米，https://i.imgur.com/LHNQayb.jpg
鮭魚之亂是不是台灣史上最成功的廣告手段？丟臉丟到國外，可悲,2021/03/19,08:51:28,https://www.dcard.tw/f/trending/p/235579712,用白吃的一百人份食物做成本，就換回了幾乎所有媒體的報紙、網路版面。，，現在還會有好多老饕在期盼著下一波改名，無數「劉海膽」「蔡烏龜」「張龍蝦」都在蠢蠢欲動。更可笑是一眾仿冒的類似活動即將來襲。，（swag這個比壽司對我有吸引力），https//i.imgur.com/XGKbo1x.png，，這種廣告辦法在國外可能被笑稱白痴，但在台灣真的是預估不到愛吃、愛貪便宜的台灣人會為了免費的東西把底線降多低！可悲可悲啊！，，https://i.imgur.com/aMXabKQ.jpg
垃圾鮭魚人之亂，可見台灣人水準，和中國其實差不多。,2021/03/19,09:56:48,https://www.dcard.tw/f/trending/p/235579900,幾年前在中國看到老百姓，搶拿鍋子裝白粥，想佔飯店便宜，和此次台灣鮭魚人之亂，真的不分秋色。使我想到，中國一直想併吞台灣，大家一直以為是政治問題，但其實最重要的是：他們覺得台灣人和中國人水準差不多，事實上的確如此。，台灣人是亞洲最貪小便宜的，因為同樣的促銷，日本和韓國、新加坡一流水準亞洲國家，是不可能發生這種事。台灣和中國文化水準和收入相對低下，所以有一種如榮格所言的集體潛意識：想要透過佔人便宜，籍以自認别人比較傻笨，而自己比較聰明、高人一等的心態。，這種人愈多，台灣人素質，就一直只能和中國人同樣成為二流亞洲國家之列。這種低等國民愈多，愈會集體產生卑劣的心態，就像利用機會浪費別人的食物、在公共場所便溺、，https://i.imgur.com/yMLwgUv.jpg，開手機音響及自私地佔人便宜等行為，來満足自身的自卑。，一個低等的國家是不敢去併吞高等國家，因為水準不一樣，統治是十分困難，就像過去有台灣公司併購德國公司，結果失敗一樣。所以此次台灣的鮭魚之亂，真的可以說：中國併吞台灣，其實是剛好而已。
張鮭魚之夢哭了！改完才知機會用完後悔落淚,2021/03/19,10:02:29,https://www.dcard.tw/f/trending/p/235579921,（微小更新：張姓男子可以改名了，只改過兩次名字，以下新聞是舊聞），壽司郎推出「鮭魚」活動引發鮭魚之亂，許多大學生為了吃免費壽司紛紛跑去改名，不過台中有一位男大生「張鮭魚之夢」，拿到新證件的時候戶政人員跟他說已經用完三次改名機會了，讓他尷尬到落淚。，男大生「張鮭魚之夢」受訪時坦承，為了免費壽司去改名真的划不來，而且真的後很後悔，因為他不知道這次改名是最後一次，加上他是就讀中醫系的，未來可能被叫鮭魚醫生。張鮭魚之夢說到這聲音明顯顫抖、哽咽。，對此烏龍，張鮭魚之夢說，之前兩次改名父母都沒跟他說，最後是拿到新證件時，戶政人員跟他說才知道的。張鮭魚之夢原本是打算先吃一波免費壽司，接著在門口攬客「一個人頭收300元」帶進場，趁機賺一筆，沒想到如今卻從此踏上不「鮭」路，讓他拿到身分證當下直接傻眼。，https//i.imgur.com/94FoAzQ.jpg，，https://www.ettoday.net/news/20210319/1941516.htm，張鮭魚之夢說，之前兩次改名父母都沒跟他說，最後是拿到新證件時，戶政人員跟他說才知道的，嗯嗯嗯 話說這個人八卦很多喔，僑生鮭魚之夢爆卦，他家裡有錢才進來系上的  https://www.dcard.tw/f/trending/p/235580905?cid=8C401635-DA13-4C75-9BA4-5465DD372FB5
【鮭魚改名潮】台灣「鮭魚之亂」燒到BBC、衛報 歐美網友看傻眼,2021/03/19,10:06:02,https://www.dcard.tw/f/trending/p/235579930,"https://tw.news.yahoo.com/%E9%AE%AD%E9%AD%9A%E6%94%B9%E5%90%8D%E6%BD%AE-%E5%8F%B0%E7%81%A3-%E9%AE%AD%E9%AD%9A%E4%B9%8B%E4%BA%82-%E7%87%92%E5%88%B0bbc-%E8%A1%9B%E5%A0%B1-002716224.html，羅勻，2021年3月19日 週五 上午8:27·3 分鐘 (閱讀時間)，日本連鎖壽司店「壽司郎」推出優惠活動，只要名字有「鮭魚」就能在17、18日到店免費吃到飽，許多台灣人為此改名「同鮭魚盡」，俗稱「鮭魚之亂」。如今「鮭魚之亂」燒到國際，歐美主流媒體如《BBC》《衛報》《華盛頓郵報》《CNN》都報導此事，讓外國網友看傻眼。，《BBC》引述《台北時報》報導，在台灣改名，申請人要為新的身分證和登記費用付出新台幣80元。台中的一名學生把自己的名字改為「郭鮭魚飯」，並計劃第二天再改回原名。BBC引述法新社報導，其他「鮭魚」名字例如「鮭魚王子」「流星鮭魚王」「鮭魚炒飯」等。，《BBC》將「鮭魚之亂」新聞轉發到官方臉書，短短1小時就超過2千人表按讚心情，多數人按「笑」。有網友留言「這就可以解釋，為何歐美有那麼多麥當勞（McDonald）家庭了」「魚腥味很重的新聞」「之後我也要改名Nike，看看能不能有優惠」，有人則傻眼到懷疑新聞的真實性。，英國《衛報》報導，台灣人為了壽司優惠，已有逾150年輕人改名「鮭魚」，這讓地方官員很頭痛，內政部次長陳宗彥昨（18日）表示，「這種改名不僅浪費時間，還會產生不必要的文書作業」，呼籲民眾珍惜行政資源並保持理性。，《衛報》還引述台灣《聯合報》新聞，指一名新北陳姓男子改名「陳愛台灣國慶鮑鮪鮭魚松葉蟹海膽干貝龍蝦和牛肉美福華君品晶華希爾頓凱撒老爺」，字數高達36個字，創全台紀錄。《衛報》也引述TVBS新聞稱，高雄一名馬同學改名為「馬正軒爆震鮭魚」，在壽司店免費吃了總價超過台幣7,000元的免費壽司。，《華盛頓郵報》報導，官員呼籲民眾停止為了鮭魚改名行為。（翻攝The Washington Post官網），《CNN》報導，根據台灣《姓名條例》，台灣人一生只有3次改名機會，因此有人為了吃壽司永久「鮭化」。，《華盛頓郵報》則報導，這種現象在台灣被稱為「鮭魚之亂」（Salmon Chaos），壽司郎市場經理Dory Wang表示，週三（17日）一下子冒出200隻「鮭魚」到店用餐，台灣人的反應令人超出預期，他感謝願意為壽司改名的人。，丟臉到國外去了"
各位鮭魚上日本新聞啦,2021/03/19,12:04:51,https://www.dcard.tw/f/trending/p/235580553,壽司郎這樣算成功打到廣告吧？，不知道虧還是賺，https//i.imgur.com/tdT4CCQ.jpg
鮭魚事件 v.s. 蛋塔事件,2021/03/19,12:17:05,https://www.dcard.tw/f/trending/p/235580611,鮭魚事件發生之後一堆人開噴改名吃免費的人「是有多窮？」、「貪小便宜」，現在蝦皮單方面取消蛋塔訂單，幾乎一面倒噴蝦皮欸，那些覺得不該貪小便宜的人去哪了？，差異在哪？
僑生鮭魚之夢爆卦，他家裡有錢才進來系上的,2021/03/19,13:05:04,https://www.dcard.tw/f/trending/p/235580905,關於新聞鬧得沸沸揚揚的張鮭魚之夢，他是美國僑生，靠僑生or外籍生管道進來中國醫中醫的，所以各位網友不要汙名化中醫系，各位腦袋絕對沒比他差！他真的不是因為腦袋好進中醫系，而是家裡有幾個臭錢罷了，中醫系沒問題，有問題的只有他...，上一個名字中間是敏，在系上被稱為系核，核曰為核子彈的核，———————————————————，講些他的日常...，1.講些跟系核同組報告過的事：，用學號分組時常跟鮭魚同一組，報告創群時，常在群內騷擾同學，傳些跟報告無關的圖片或訊息，常標記女同學問問題，對方沒回就在群內狂標記、傳髒話，全程沒參與過程是家常便飯，報告當天還會嗆說，都沒跟我講就做完了（？@@，後來有跟課程老師反應，老師找他詢問時，他慣用伎倆就是說謊，瞎掰一些故事搪塞說每次都有參與討論等等的謊言，2.亂做共筆就算了，沒去課堂上拿共筆，大一在夜深時打宿舍寢機到學藝寢室騷擾，拿不到共筆，就慣用地在Line群組騷擾，之後的共筆分組他也未填表單分配，他未參與，理所當然不能拿當屆的共筆檔案，於是他就鬧到系主任那兒，除此之外更扯的是，系核甚至把自己化妝的照片傳給學藝，要求學藝把他的照片設成共筆封面^_^，3.他進出校門未戴口罩，常被警衛攔，他都溜走，有次被警衛規勸時，系核罵警衛神經病，害得警衛叔叔爆氣，他被警衛抓去修理一頓，有次他進校門沒戴口罩喝飲料，警衛好言相勸，他就當場在那邊崩潰說他現在就是要喝飲料，4.他講話常常支支吾吾，有口吃；特性是很敢開口要，很常花大錢，常撒謊。筆試科目他似乎都有過，據前室友表示他蠻認真的，純報告的科目他應該有開始被當了（沒跟本人確定過)，5.據他前室友表示，他買東西，常利用七天鑑賞期的機制，七天到期前去退貨，買了又退，退了又買這樣，所以被學校附近寶雅列為黑名單，最有名的是中國醫二手交易版事件：，他要買女生化妝品，藉口說要化妝成女生免服兵役（他常常各種奇葩言論），後續還一人分飾多角，說當初面交的人不是他而是他朋友，而他也揍了他朋友表示教訓他了，但後來被發現大概是辦了好幾隻臉書假帳自言自語，張*魚之夢二手版事件爆卦（完整轉自CMU二手版）畢竟已改名，內文名字不代表洩漏個資  ，https://www.dcard.tw/f/talk/p/235584026?cid=3412F328-1140-4D0C-9791-6EBF7550BD9A，6.剛入學時，照慣例，直屬請他吃飯，他點最貴的就算了，還當場說難吃死了，7.大學迎新時，因為覺得活動的午餐不好吃，夾高麗菜丟擲生活長，惹得生活長暴怒差點衝上去揍他，迎新櫃檯報名時，開口問學長，迎新活動有沒有豪華郵輪搭乘，用餐期間有無頂級美食可享用，若沒有就不想參加了，學長一時半刻搞不清楚他在開玩笑還是認真，8.學校社團活動只要有免費吃東西的茶會，一定有他的蹤跡，他會不顧他人，把披薩零食一掃而空，然後把飲料喝光...別人說要吃，他會說那是他的，然後露出詭異冷笑的表情（以下感恩餐會受害者實例），感恩餐會  ，https//i.imgur.com/BwGfGPf.jpg，https//youtu.be/97eM9TQ3Gl8，補充：留言說公審霸凌的我倒不這麼認為，因為他很想紅就成全他罷了，且他敢大剌剌說是我們系學生，感覺就是想炫耀，我們難道不該次元切割一下嗎？否則對其他中醫系同學不公平，畢竟網路上先前充斥著：”中醫都這樣，以後誰敢給你們看病”的言論，再者他的個性其實有點像鄧家華和吃屎哥，毋須擔心他會自我了斷，該擔心的是他被別人了斷，發文用意是希望大家看到他閃遠一點：），以上。歡迎補充更多故事
笑台灣人乞丐！韓媒報「鮭魚之亂」 網友酸爆：中國狼性血濃於水,2021/03/19,14:04:48,https://www.dcard.tw/f/trending/p/235581241,ETtoday，記者羅翊宬／綜合外電報導，日本知名連鎖迴轉壽司餐廳近來在台灣舉辦活動，引爆全台「鮭魚之亂」，高達數百人改，名「鮭魚」，為的就是免費飽餐一頓，也使台灣再度榮登國際版面，不僅歐美主流媒體爭，相報導，就連南韓媒體也關注到此一現象，在引述台媒與外媒報導後，引來南韓大批網友，爭相留言苦酸，「不虧是一個中國！」，韓媒《紐西斯通訊社》今（19）日引述英媒BBC報導，指出台灣數十人擠在公家機關前大，排長龍，為的就是要把自己的名字改成「鮭魚」，且只要向業者拿出改名過後的身分證，，就能免費享用壽司大餐，由於壽司在台灣一直都是受歡迎的料理，因此也引發政府公務人，員批評簡直是浪費時間。，https://cdn2.ettoday.net/images/5513/5513611.jpg，▲南韓網友嘲笑台灣民眾天性「像乞丐」。（圖／翻攝自Naver、Daum），而韓媒《News1》則引述台媒中央社、美媒CNN報導，指出直到18日為止，只要姓名包含「，鮭魚」兩字、且同音同字，就能免費用餐，台灣內政部還因此跳出來呼籲，改名前千萬要，謹慎，因為法律規定「每人一生只能改名3次」。，南韓排名第一、第二的搜尋引擎Naver與Daum在新聞網站收錄兩則報導，底下吸引好奇的，南韓網友留言，不過南韓本來就民風保守，加上許多網友認為台灣是「反韓親日」的國家，，因此近九成皆為充滿酸言酸語的負面留言。，南韓網友留言表示，「果然是『一個中國』，血濃於水」、「台灣人果然是中國人，竟然，只因為一塊壽司」、「骯髒的中國狼性，不管在哪都一樣」、「原來那個國家（台灣）是，無法吃飽、無法生活的國家啊」、「付錢吃就好了啊，看起來也太窮酸了吧」、「有必要，為了吃壽司就把父母取的名字改掉嗎」、「乞丐本性」、「笑死了」。
『缺水』3分鐘戰鬥澡挑戰賽,2021/03/19,14:31:57,https://www.dcard.tw/f/trending/p/235581389,關於台灣缺水問題越來越嚴重，這幾天我想了想有什麼辦法讓大家都有辦法感受到，於是我想到幾年前的Ice Bucket Challenge，同理一方面讓挑戰者省水，也讓挑戰者感受未來沒水之苦，所以靈光一閃的想到當兵的戰鬥澡結合在一起就是3min quick shower challenge。，前些日子我把我挑戰成功的成績上傳於FB也@其他幾位朋友，但我發現讓這比賽活動傳下去的效果不甚理想，有些人認為我平常洗很快了，沒有打算挑戰的感覺。其實我是希望藉由此活動，讓周遭朋友甚至台灣人民都感受缺水議題比起改叫鮭魚或鮑魚等時事更為重要，所以希望大家可以幫忙廣為流傳這個活動，讓大家提前感受現在還有3分鐘可以洗，未來可能要兩天後才能洗。，以下內容歡迎複製貼上任何社群(FB、IG、Twitter...)，3min Quick Shower Challenge，3分鐘戰鬥澡挑戰賽，台灣近期缺水嚴重，而省水的課題必需從你我做起，就從每天都會進行的洗澡開始吧！！，遊戲規則：，1. 碼錶按下開始後，才可以開水洗澡，2. 完成洗澡關水後，才可以停止碼錶，3. 完成挑戰後，TAG三個人進行挑戰，4. 未完成挑戰者，明天繼續努力完成，我今天完成挑戰了，下一棒請接力，@第一位、@第二位、@第三位，https://i.imgur.com/toWaJt1.jpg
同音再祭優惠！「蚵」仔蓋飯　「乾麵」也免費享用,2021/03/19,14:56:13,https://www.dcard.tw/f/trending/p/235581571,台灣人真的蝦?，鮭魚之亂=台灣之光丟臉丟到韓國跟衛報了，改名鮭魚吃到飽，雖然引發鮭魚之亂，但也有餐飲業者開始跟風，有乾拌麵業者在網站公告，名字有「乾」或是有「麵」字的，就免費送3種不同口味的乾麵試吃，第一位獲贈的還是樂團「放客兄弟」的法籍薩克斯風手，石大麵；另外彰化鹿港知名的蚵仔蓋飯，也祭出優惠，只要名字發音有ㄎㄜ或是ㄜˊ，都能半價享用，如果真的有「蚵」字，那就免費招待，但是因為限自己使用，因此不用擔心，真的有人為了免費就改名字。，新鮮肥美的蚵仔，燙熟後起鍋，加入油蔥酥和醬料拌勻，再舖在魯肉飯上，舖到你連飯都看不到，這碗就是彰化鹿港知名美食蚵仔蓋飯。 店員vs.客人：「小姐你好，你的蚵仔蓋飯來囉，謝謝。」 因為鮭魚之亂，不少客人也跟店家反應，老闆也應觀眾要求，推出同音同字優惠。 客人：「我叫『柯』金滿、唐素『娥』、潘鳳『娥』、『柯』伃芸。」，，https://i.imgur.com/3yRndoV.jpg，只要名字有發音是ㄎㄜ或是ㄜˊ的，原價150的蚵仔蓋飯，就可以享半價優惠，如果名字真的有「蚵」字，那就免費請你吃。，客人：「我叫陳鐶娥，從小就那麼多綽號，從小『蚵仔』也是我的綽號，呵呵，基隆來(到這邊才知道)，對，進來消費才知道，很爽啦。」 老闆說，每天限量300碗，不怕客人吃，但是因為只有本人可以用，所以不用擔心有人為了吃免費，專程去改名。 蚵仔蓋飯業者詹政道：「半價就沒賺錢啊，(那免費呢)，免費就是招待了啊。」 跟風的還有乾拌麵業者，也推出名字裡，有乾、或是有麵字的，不囉唆，三種口味，油蔥、麻醬跟麻辣，各送你一袋，一共15包吃個飽。，乾拌麵業者鄭維倫：「不用改名字，只要有乾，有麵，我們都會幫你準備送給你。」 其中第一位獲贈乾拌麵的，就是樂團放客兄弟，法國籍薩克斯風手，石大麵。 放客兄弟樂手石大麵：「因為我法文的本名叫做Damien，所以他(取名)本來給我的字是，面孔的面，但是我覺得不夠好玩，我比較喜歡好玩一點，所以我選麵條的麵。」 原本只是取中文名時，想取得有記憶點，沒想到跟上了同音同字優惠風潮，意外獲得免費的大麵享用，業者表示免費乾麵，預計送出100份，共300袋。，，https//news.tvbs.com.tw/life/1479966
爽吃免費壽司留下滿桌醋飯挨轟 李宓回應「吃環保素食五年」,2021/03/19,15:26:03,https://www.dcard.tw/f/trending/p/235581732,爽吃免費壽司留下滿桌醋飯挨轟 李宓回應「吃環保素食五年」，https://i.imgur.com/KOenX6p.jpg，笑死 自己的公關危機自己創造，是在雞同鴨講什麼，到底為什麼現在藝人的公關能力都這麼炸裂啊？，https://i.imgur.com/uxENBRk.jpg，說環保素食已經推五年 ，結果環保飲食觀念自己朋友推不動，遇到狀況只管著獨善其身還妄想兼善天下  笑死
浪費食物...,2021/03/19,15:32:05,https://www.dcard.tw/f/trending/p/235581758,https://i.imgur.com/gBOacCJ.jpg，不光是壽司醋飯，連拉麵也是，大誇張了==
鮭魚之亂變質？Youtube創作團體稱改名「亮搞X」發1萬獎金,2021/03/19,16:14:36,https://www.dcard.tw/f/trending/p/235582012,日本連鎖迴轉壽司推出優惠活動掀起一波「鮭魚之亂」，全台約150名年輕人改名「鮭魚」入店免費吃到飽，該事甚至登上歐美媒體，豈料這波鮭魚風潮傳出變質，有Youtube創作團體拍攝影片宣稱，若有人將名字改為他們頻道的名稱「亮搞X」，就可拿1萬元獎金。至今尚未有網友對其評價。，Youtube創作團體「亮搞X」由3人組成，專門拍攝搞笑影片，其指出，若國內有人名字與頻道名稱「同字」，就免費領取到其公司1萬元現金，領取方式為將身分證明及相關資料寄到其臉書粉專，再抱著愉悅的心情到公司領取。，不過該團體強調，活動名額限制為25位，截止時間為本月23日傍晚6點半，即日起開始。其也在Youtube拍影片介紹活動，不過尚未有網友對此評價。，近日的鮭魚之亂引起網友負評，有人認為「太多屁孩為了吃免費餐做傻事」，砲轟「智障鮭魚們」，也有人認為「單純年輕人年少輕狂，在次數限制內改回就好」。，年輕人為吃免費鮭魚而修改的名字包括「陳愛台灣國慶鮑鮪鮭魚松葉蟹海膽干貝龍蝦和牛肉美福華君品晶華希爾頓凱撒老爺」、「馬正軒爆震鮭魚」、「黃金帕瑪森起司鮭魚」、「毋情的鮭魚收割機」、「張嘴大口吃鮭魚」等無厘頭字眼。，，httpshttps://udn.com/news/story/122043/5329817
柯氏宗親會揪起來！「蚵男蚵女」免費吃蓋飯 柯、娥同音享半價,2021/03/19,16:20:07,https://www.dcard.tw/f/trending/p/235582042,柯氏宗親會揪起來！「蚵男蚵女」免費吃蓋飯 柯、娥同音享半價，自由，［記者劉曉欣／彰化報導］這次不必改名！彰化縣鹿港鎮蚵仔煎業者推出為期7天「鮮蚵蓋飯」免費吃活動，只要名字有「蚵」這個字，就免費招待；如果是與國台語同音「柯」、「娥」等字則是半價優惠，有民眾就說，柯氏宗親會揪起來，太划算了！，蚵仔煎業者詹政道表示，因為這兩天的鮭魚之亂，不少客人建議他應該也要跟進，但如果名字要有「蚵」真的太難了，所以，決定放寬資格，也就是名字有「蚵」的「蚵」男、「蚵」女，活動期間到店出示身分證件，就免費招待鮮蚵蓋飯；如果是名字裡頭有「柯」、「娥」的同音字，就半價優惠，因為鮮蚵數量有限，每天限定300碗，賣完為止。，詹政道說，尋找「蚵」男「蚵」女的活動從20日舉辦到26日，如果符合資格的民眾要天天來吃，也沒問題，非常歡迎，鮮蚵蓋飯是店內的招牌，每碗150元，每1碗的鮮蚵數量約半斤，也就是有2、30顆的鮮蚵，等於說半價優惠的話，也就是完全沒有賺到錢。，為了宣傳尋找「蚵」男「蚵」女，店內今天上午推出1小時的快閃宣傳活動，果然就有4「柯」3「娥」獲得半價優惠，還有剛好從基隆來玩的遊客，大呼太幸運了。，許多柯姓民眾都表示，從來沒遇過姓「柯」吃東西有優待，這真是太難得了，要揪柯氏宗親一起來鹿港，享受這難得一見、有「柯」就半價優惠！，，#來了一個不改名也能享優惠的活動，https://news.ltn.com.tw/news/life/breakingnews/3472084
改名十五字 *鮭魚^妹子約嗎？ 兩天約七攤吃到爽,2021/03/19,16:47:34,https://www.dcard.tw/f/trending/p/235582185,為吃壽司改名「x鮭魚x妹子約嗎」15字兩天約七攤吃到爽https//i.imgur.com/nEilHx8.png，大學生？智商？台南？，https://i.imgur.com/5RBhfKV.png
張鮭魚之夢改不回來! 李來希不忍:請先救救孩子讓他回復原狀,2021/03/19,16:52:46,https://www.dcard.tw/f/trending/p/235582218,https://www.ettoday.net/amp/amp_news.php7?news_id=1941556，第一次覺得李來希有道理，還很有哏? 話中有話，再次聲明張鮭魚不能代表中醫系，謝謝各位?
「哈密瓜」布丁在找你！ 同音9折、同姓送你一杯、全名相同免費吃布丁1個月,2021/03/19,18:52:40,https://www.dcard.tw/f/trending/p/235582956,布丁控快看！跟著沸沸揚揚的壽司郎「愛的迴鮭．尋人啟事」風潮，台南人氣紅磚布丁發起「全台哈姓大調查」呼叫姓哈的朋友們站出來，活動自3/20~4/30止，姓氏為「哈」姓者，可免費領取一杯「哈密瓜布丁」；與「哈密瓜布丁」這5字任一字同音者，可享9折優惠；若全名同音同字叫做「哈密瓜」，將能幸運獲得「免費布丁1個月」，口味還任意挑選，請你吃到撐！，「哈密瓜你人在哪？想要請你吃布丁啦！」由府城十大伴手禮、布丁界愛馬仕之稱的台南人氣布丁專門店「紅磚布丁」發起哈密瓜姓氏大調查，3/20~4/30於全台門市出示證明姓名之相關文件（如身分證、健保卡、駕照、學生證），姓「哈」可免費領取哈密瓜布丁乙杯，名字內有「ㄏㄚ」「ㄇㄧˋ」「ㄍㄨㄚ」「ㄅㄨˋ」「ㄉㄧㄥ」其中一字同音者，單筆消費可享9折優惠，中文姓名同音同字叫「哈密瓜」，ㄧ個月內可至門市分次親領共30杯免費布丁口味任選。，https//i.imgur.com/NWX39HV.png，https://udn.com/news/story/7186/5326896?from=udn_ch2_menu_v2_main_cate
浪費食物鮭魚三兄弟上了百萬YouTuber的頻道,2021/03/19,21:02:49,https://www.dcard.tw/f/trending/p/235583819,https://i.imgur.com/HtRhBRs.jpg，他們就是最近很紅的鮭魚先生，最近上了百萬youtuber 的頻道，但我覺得身為公共人物應該要提倡愛惜食物的觀念，而不是去吹捧浪費食物的人，以下是在其中一位鮭魚先生限時所看到的，https//i.imgur.com/BJxIAMO.jpg
笑看台灣「鮭魚之亂」　中國網友諷：一國兩智,2021/03/19,21:04:17,https://www.dcard.tw/f/trending/p/235583832,https//i.imgur.com/F24sISV.png，丟臉丟到對岸囉，難怪被笑台灣省智商低???
白哭了！「張鮭魚之夢」搞錯改名次數牽拖戶政員　拗記者請吃人氣燒肉店,2021/03/19,21:14:44,https://www.dcard.tw/f/trending/p/235583897,以後有人敢給他看診嗎？會不會要看診前需先請他吃屋馬才看啊？，https://tw.appledaily.com/life/20210319/SHOLLDXSU5AUNHAT7JWJLWRKLM/?fbclid=IwAR2FCbEFdZ4JhMMUHyXC7fKVAF4i1Rl19fOHyrMvJi8EjleypcFAcidJCg0
兒子：吳鮭頭？？憲哥：打死他！！,2021/03/19,22:37:05,https://www.dcard.tw/f/trending/p/235584485,憲哥看到新聞有這麼多人為了壽司店的優惠去改名「鮭魚」，直呼：「神經病，真是太無聊，還好不是烤鮭魚頭，行不改名，坐不改姓，為了鮭魚改了。」若兒子因此去改名，他會請兒子離開，「如果這樣就讓他Get out my way，過他自己吧！」，憲哥也強調若公司有曾改名「鮭魚」的人投履歷，一定不會錄用，憲哥笑說：「很好笑，這被拿來當一輩子的笑柄，本公司若有過改名改叫『鮭魚』，一律不錄用，想法很奇怪，自己當老闆好了！」，憲哥真的很棒，愛台灣行不改名做不改姓，，就叫內地不知足憲～，https://i.imgur.com/g62YzJP.jpg
這是一條好鮭魚?他吃壽司捐萬元做慈善?,2021/03/19,23:16:15,https://www.dcard.tw/f/trending/p/235584761,【晚間消息】鮭魚改名潮，台中科大一名護理系大學生，名字叫周士恩覺得鮭魚湯豪豪喝，吃完3攤免費壽司約7千元餐費，把省下的錢再自掏腰包3千元，共捐出1萬元給老五老基金會等5個公益團體。，對此，豪豪喝：「改名是為了青春熱血、好玩，而且取之於鮭魚，用之於社會，捐款幫助社會。希望能一己之力幫助獨居長輩溫飽。」，「周士恩覺得鮭魚湯豪豪喝」拿出身分證並為老五老基金會拍下影片留念，他說，既然改名就把「湯豪」放進名字幾天「當幾天周湯豪」，因為覺得青春要熱血才改名，不是占便宜「去壽司店免費吃上幾萬」，因此把3次餐費共7000元，加碼湊到整數，捐款給社會。，「周士恩覺得鮭魚湯豪豪喝」將1萬元分別捐款老五老基金幫助獨老、中國附醫血液腫瘤專戶、中國附醫的兒童綜合專戶、認養惠明盲校學童，以及仁愛之家老人，他說「取之於鮭魚，用之於社會！」學生捐款金額不高，但希望能一己之力幫助獨居長輩溫飽。，圖片來源：自由電子報，https//news.ltn.com.tw/news/life/breakingnews/3472774，這是鮭魚之亂最暖心的新聞了?，給這位未來的護理師10000個讚，他好棒啊！，台灣需要更多這種人
［鮭魚］因為日本人的評論 這篇風向特別不一樣喔,2021/03/19,23:44:19,https://www.dcard.tw/f/trending/p/235584974,此篇文章為轉貼文章，請更新至最新版本觀看完整內容。
高中老師對鮭魚之亂的看法,2021/03/19,23:44:40,https://www.dcard.tw/f/trending/p/235584978,https://i.imgur.com/NLsB3cp.jpg，感覺他講得很嚴重，那如果改名成林千萬，有一千萬可以拿的話，是不是很多人對會去改名呢？，每個人對價值的定義不一樣吧？，窮學生吃鮭魚就覺得很開心啊，不要浪費食物就好了吧
鬧家庭革命！大叔改「鮭魚返鄉」老婆火大 「若能重來不敢再改」,2021/03/20,00:00:05,https://www.dcard.tw/f/trending/p/235585090,鮭魚吃都吃了不敢改?，你老婆都娶了 孩子都生三個了，有什麼不敢?zzz，https://tw.appledaily.com/life/20210319/TSDVUJDE55DTTGZSS3NGWXKH6M/
英媒報導鮭魚之亂 網友：今年最棒新聞,2021/03/20,00:24:25,https://www.dcard.tw/f/trending/p/235585267,台灣一家迴轉壽司店推出諧音哏活動，讓許多人改名「鮭魚」，這種有趣現象讓英國媒體也爭相報導，登上英國廣播公司（BBC）和衛報、電訊報版面，不少網友在臉書按讚留言。，https://i.imgur.com/L7945OR.jpg，日本迴轉壽司店「壽司郎」推出諧音哏活動，17至18日只要姓名中有「鮭魚」同音同字者，可享免費，每桌上限6人。6個直轄市吸引近百人改名「鮭魚」。BBC和「衛報」都配上美味的壽司畫面報導這則趣聞。，「衛報」表示，台灣媒體稱這場改名風潮為「鮭魚之亂」（salmon chaos），有人為了得到吃到飽優惠，耗費一生中只有3次的改名額度。，不過，官員卻不覺得這有什麼有趣。內政部政務次長陳宗彥表示，改名耗費時程也造成不必要行政作業，呼籲民眾不要再為了餐廳優惠而改名，理性面對。，英媒在文中也引述台灣媒體報導高雄一名馬姓大學生改名「爆震鮭魚」，到壽司店吃了新台幣7000多元全部免費。，報導說，有人改名成「鮭魚王子」、「鮭魚炒飯」等，還有人改名為36個字，打破最長名字紀錄，名字裡充斥鮑魚、松葉蟹和龍蝦等海鮮。但事實上，新北市有1名男子更改後的姓名長達50個字，達到身分證姓名登記的極限。，「衛報」在臉書（Facebook）粉絲頁張貼這則趣聞，吸引超過1700人按讚，超過500人留言。留言中不乏台灣網友，驚訝這則新聞竟然登上英國媒體、紅到國外，簡直是另類台灣之光。，不少外國網友則覺得這則新聞十分有趣。有網友留言：「這是衛報今年至今最棒的新聞。」，有網友留言一句英文諺語「你吃什麼，就會像什麼」（You are what you eat.），這句話原意是身體健康與飲食密不可分，但在「鮭魚之亂」事件中，改名網友確實是「自己吃自己」。，也有網友舉例多位名字裡原本就有「魚」的名人，表示他們一定愛死這則新聞。像是蘇格蘭首席大臣施特金（Nicola Sturgeon），她的姓氏原意就是「鱘魚」。前蘇格蘭首席大臣薩孟德（Alex Salmond）的姓氏裡也隱含「鮭魚」。https://www.cna.com.tw/news/firstnews/202103190022.aspx
一個人的養成,2021/03/20,00:25:03,https://www.dcard.tw/f/trending/p/235585274,看完鮭魚之夢的介紹，就在想，家裡有錢又有綠卡，應該國中高中也是唸不錯的私校或美國學校吧？，家裡條件好，那應該也是從小做素質教育吧，就算是紈絝子弟那類的，反而出手比較闊綽，不會貪小便宜到這種地步吧？，我爬了很多文，感覺他的零用錢應該是夠用的，那為什麼會做出種種佔便宜和自私的舉動呢？，如果今天是經濟狀況不好的人這麼做還比較好理解，我的疑問是他的成長經歷發生什麼事會變成這樣？，https://i.imgur.com/f3WvUvx.jpg
改名叫鮭魚是民X黨的陰謀？,2021/03/20,00:40:21,https://www.dcard.tw/f/trending/p/235585372,是這樣的～就只是改名叫鮭魚，也不是說燒殺搶掠的，為什麼搞得好像改個名就道德淪喪一樣?，還記得前幾天醫美富少無照撞到女騎士也有看到某新聞底下有人留言是民X黨害的哈哈哈，不囉嗦直接上圖，https//i.imgur.com/86uS9MI.jpg，https//i.imgur.com/q44MpMs.jpg，搞得真的像要亡國一樣欸哈哈哈，真的有那麼慘嗎⋯？
關於浪費醋飯,2021/03/20,00:53:25,https://www.dcard.tw/f/trending/p/235585471,我知道浪費食物不好，但那真的有很嚴重嗎？，……只是醋飯而已呀。，國小時，班上每天剩下的午飯都比照片裡的醋飯多兩倍。，加上剩菜更不用比了，直接淹沒。，我想說的是，改名也好，浪費食物也好。，在某些層面上是不是被誇大了，其實沒那麼嚴重？，（題外話，我超愛吃醋飯?
從壽司郎事件看＂部分＂台灣人自卑與奴性等等,2021/03/20,02:00:33,https://www.dcard.tw/f/trending/p/235586015,此次壽司郎所引發的小小風波是不是能看出某些台灣人骨子裡的自卑及奴性以及等等，首先有幾點在這之中互相矛盾的觀點，有人一邊說壽司郎沒誠意就不要辦活動，另一邊嘲諷為了吃免費去改名的民眾，前半段就透露出你想吃免費的了怎麼還有臉笑去改名的，你有有鮭有魚同音名就去吃打折的沒有就摸摸鼻子有什麼好講的，二來法律規定人民有更改名字三次的權利，什麼時候要改為什麼而改都是當事人的自由，你可以因為不喜歡原本的名字改掉憑什麼別人不行，即便他的理由是貪小便宜，礙到你了？，別人行使法律所賦予的三次改名的權利被說白癡罵智障，難怪在台灣為了自己權利發聲會被當作異類，形成慣老闆社畜養成的溫床，再者，講成為國際笑柄這說法就更智障了，有時候真心覺得有時候部分人是不是真的很自卑，需要被外國稱讚才能建立自信，這點跟對面倒是有點像難怪一堆外國人在台灣找到財富密碼，外國人講台灣稍微好的話就感激涕零，開始高潮媒體大肆宣傳，就像新聞常報的哪個＂先進＂國家的某某人又說了台灣什麼，在國外那麼久還真沒看過國外新聞那麼常報導別國稱讚自己的內容，稍微說到台灣不好就開始跟著外國人打自己人，舉個很多人都很討厭的韓國，本國人被攻擊時是聯合起來砲口向外，台灣是為了討好國外跟國外一起踩自己人，只因為怕被別人討厭
兩天上千人 鮭魚群吃掉約500萬 員工:叫一堆只吃一口,2021/03/20,03:53:55,https://www.dcard.tw/f/trending/p/235586402,知名迴轉壽司店「壽司郎」17、18日舉辦活動，引爆全台鮭魚之亂，據業者統計，兩天有近千人次改名「鮭魚」免費用餐，若以每桌5千元估算，壽司郎可能要自行吸收500萬的餐費；但也有不少行銷專家認為，以成本約1/3來計算，其實負擔的成本並不算高，但「話題聲量」卻創新高，廣告價值至少破千萬。，今日活動雖已落幕，但仍有很多「鮭魚」故事。像是許多員工在社群抱怨「廚餘高達平常假日的6倍」，「收桌收到心痛」，形容這兩天壽司郎員工面對「鮭客」們心累的程度。網路也有很多梗圖，像是「視死如鮭」、「無家可鮭」、「同鮭於盡」、「沒有鮭矩」等等，同時因國外媒體報導，也掀起「世代話題」的論辯。，壽司郎今日也在粉絲專頁列出最新產品，但不少網友仍期待「下一次活動」，有人就說「小編求開第二次活動，我姓ㄩˊ但根本訂不到位」；但也有許多人不表認同，「建議壽司郎還是發個道歉公告」，「這次活動間接造成食物的浪費，這不只是那些乞丐鮭魚有問題」，認為是「最爛的行銷活動」。https//i.imgur.com/kZERKN6.jpg，一名自稱是高雄某分店的壽司郎員工透過臉書社團「靠北壽司郎」匿名PO文抱怨，他表示17日有6名男子組成「鮭魚團」到店裡用餐，但入座後瘋狂點餐，全部飲料點了一輪，「照輪點了15回到20回」，但最讓原PO生氣的反而是吃了一口就浪費，只是點來「試味道」，「點了拉麵、烏龍麵整碗只碰一口就沒吃了，壽司要不是飯都沒吃，就是都只吃一貫」。，原PO坦言除了浪費食物的行為之外，這6名男子點餐的態度更是讓人不爽，他痛批「改名鮭魚不是以為自己無比榮耀像貴賓一樣，點個餐在那邊狂按服務鈴，要求東要求西」。，壽司郎店員在活動這2天忙翻天，卻又遇上這群顧客，讓他忍不住大罵這一桌鮭魚團把現場弄得一蹋糊塗，讓工作人員非常難收拾，「透過這次活動，更清楚看見台灣人貪小便宜的醜陋嘴臉」。，https//udn.com/news/story/120912/5328965?from=ddd-umaylikenews_ch2_story
怎麼沒有人譴責便利商店,2021/03/20,04:29:07,https://www.dcard.tw/f/trending/p/235586468,全台灣便利商店每天報廢的食物應該比這兩天壽司郎浪費的還多吧 大家真的是在乎浪費食物這件事嗎？ ，而且明明是壽司郎輸不起不給點刺身
鮭魚是統戰破口,2021/03/20,07:51:50,https://www.dcard.tw/f/trending/p/235586667,我覺得大家為了ㄧ點小利 拋棄人的尊嚴，真的不想跟鮭魚當朋友 哪天為了利益出賣我，連自己都出賣 何況國家呢！，假如對岸拿好東西給我們，是不是台灣鮭魚都要投共了！
護家盟表示這位中國醫療大學生「張鮭魚之夢」很適合去演藝圈當諧星！,2021/03/20,10:18:39,https://www.dcard.tw/f/trending/p/235586984,護家盟表示「張鮭魚之夢」這位中國醫療大學生去演藝圈當諧星！，https://i.imgur.com/Fs3o9jm.jpg
究竟台灣鮭魚之亂可以去到幾盡？,2021/03/20,11:41:55,https://www.dcard.tw/f/trending/p/235587326,呢兩日台灣展現出不同嘅鮭魚文化，由壽司郎為首嘅鮭魚文化究竟有啲咩？，https://liff.line.me/1544998575-dRP8PO9n/v2/article/pxjyYl?utm_source=copyshare
浪費糧食其實是促進經濟的行為,2021/03/20,12:54:09,https://www.dcard.tw/f/trending/p/235587703,"糧食缺乏的原因從來就不是生產不足，是分配不均，那些被丟掉的醋飯，怎麼樣也不可能送到非洲糧食缺乏的地區，畢竟路上會被索馬利亞海盜搶走去做鮪魚壽司，也就是說，如果今天浪費的食物的產值，高於處理廚餘的成本，是會促進經濟的，醋飯丟出去，廣告效益來，呆灣郎發大財，------------------------------------------------------------------------------，舉個例，在高麗菜盛產甚至生產過剩的時期，跑去跟農民說，""你整田的高麗菜我用年均價收了，不過我公司處理不完，剩下的我當廚餘處理掉喔""，你覺得農民會care那些廚餘的部分還是整田賣掉"
名字亂改16個字就可以，原住民改名就不行？,2021/03/20,14:04:30,https://www.dcard.tw/f/trending/p/235588113,知名連鎖壽司品牌「壽司郎」推出促銷活動，只要名字中有「鮭魚」2字就能整桌吃免費，引發改名「鮭魚之亂」，據統計，截至今（18）日中午，全台已有多達150人改名；對此，布農族的原住民青年陣線成員Savungaz Valincinan（撒丰安）大嘆，漢人可以為了吃免費鮭魚改名，原住民族的身分證卻不可以直接以族語文字登記。，Savungaz Valincinan在臉書發文表示，漢人可以為了吃免費鮭魚改名鬧事，原住民族人要求身分證要「單獨使用」自己的族語文字（羅馬拼音）拼寫姓名，內政部卻說不可以，因為知名連鎖壽司品牌「壽司郎」推出促銷活動，只要名字中有「鮭魚」2字就能整桌吃免費，引發改名「鮭魚之亂」，據統計，截至今（18）日中午，全台已有多達150人改名；對此，布農族的原住民青年陣線成員Savungaz Valincinan（撒丰安）大嘆，漢人可以為了吃免費鮭魚改名，原住民族的身分證卻不可以直接以族語文字登記。，Savungaz Valincinan在臉書發文表示，漢人可以為了吃免費鮭魚改名鬧事，原住民族人要求身分證要「單獨使用」自己的族語文字（羅馬拼音）拼寫姓名，內政部卻說不可以，因為會影響社會認知困難，直呼荒謬。，因為會影響社會認知困難？，因為會影響社會認知困難？，因為會影響社會認知困難？，為了吃免錢鮭魚就可以改成不三不四的名字，原住民同胞要改族名卻百般刁難，台灣在各種層面強調尊重多元文化，其實根本就沒有實行，現在原住民、閩南、客家文化都淪為弱勢族群，https://www.google.com.tw/amp/s/newtalk.tw/news/view/amp/2021-03-18/551001
等等,2021/03/20,14:18:33,https://www.dcard.tw/f/trending/p/235588208,僑生怎麼改名？，怎麼會有身分證，然後到底什麼入學管道？，哪裡的僑生？
鮭魚事件暴露出8～9年級生的真面貌,2021/03/20,17:11:24,https://www.dcard.tw/f/trending/p/235589188,先說這次壽司郎引起的風暴，先來說一下我的看法，首先我不會因為壽司郎辦的這種行銷手法就要誇獎他好或是壞，從這次壽司郎風波連續報好幾天，也看出一些台灣年輕世代真的是令人搖頭與擔憂，從這次活動，相信很多人也不可能會再去壽司郎吃，這種手段就像是有點吃到飽，也會令人懷疑這家店品質？，連同那些貪小便宜的鮭魚先生、鮭魚小姐更不可能會再回鍋，至於壽司郎的鮭魚行行銷是否成功？看看網路上風評就知道，另外再來探討這些改名的鮭魚先生、鮭魚小姐，大多數都是集中在8年級生、9年級生，從這些人的思維也令人擔憂，先不提改名到底好還是不好，也不談什麼這是個人自由，會不會怎樣的，基本上都已經受過教育，將自由變成一種隨便，甚至不會考慮到後果，想吃免費就低調吃，還刻意將改名後身分證分享上網，變成全世界笑話，甚至其他國家媒體也都在報導，更會感覺台灣人到底是怎麼了？，只是為了吃個一餐免費鮭魚，改名後到處上網炫耀，這是很光榮事情嗎？相信很多人都會跳出一個疑慮，年輕次世代的你是在哈嚕？，聰明的人認為自己很聰明，說不知在旁人看起來就像是個笑柄，改名叫做鮭魚又再度改回來，那個名字也會跟者你一輩子，也許下回長輩家人聚會時，親朋好友都曾知道你改名叫做鮭魚，也許你感覺不怎樣，但是對你家人來說那是一件非常丟臉事情，從這次事件也顯示出，台灣8年級生、9年級生思維已經令人不敢恭敬，另外有人不擔心公司會看戶口名簿，那你就錯了！，有些比較嚴謹公司，像是銀行、醫院等行業，都會先看你過去是否有不良紀錄，你改名過鮭魚，馬上就會被調出來，到時候公司知道你是那種貪小便宜，更不可能會被錄用
鮭魚之夢同學小心了,2021/03/20,21:11:08,https://www.dcard.tw/f/trending/p/235590519,[問卦] 鮭魚之夢同學要被吉了？，http://www.ptt.cc/bbs/gossiping/M.1616241165.A.AAD.html，一看就知道是假官方帳號了，不過真假我們觀眾怎麼知道呢，沒關係我已經幫你轉傳給台灣壽司郎了 嘻嘻
我叫鮭魚，我有話要說！,2021/03/20,21:19:44,https://www.dcard.tw/f/trending/p/235590569,如果你改名叫鮭魚是一種跟風，或者不計算CP值的無意義衝動行為，那我覺得沒什麼好說的。，-，0050去年年報酬率31%，代表你從年初投入10萬，你完全沒有動它並且抱到去年年尾賣掉你可以拿回13.1萬，-，我改名叫鮭魚，成本50，我總共帶了50人以上，開了11攤，總共吃了5萬6，論報酬2日我投入50元回報將近一千倍，貪小便宜？在馬斯克買入比特幣報價45000的時候進場開125倍槓桿抱到60000賣掉都沒我的報酬率高，這是我這輩子做過最成功的投資！，-，來回答各位最在意也是最愛噴的幾個問題：，問題一：不吃醋飯浪費食物？，這種猴子行為完全取決於人性，跟改名一點關係也沒有。我帶的11團人，我全部都交代他們全部給我吃完，不要給我浪費食物，或許有少數人做這種事、挑食，但這跟改名字有何關聯？多少人去吃到飽拿了一堆吃不完在浪費食物？多少企業生產過剩的產品不是通通報廢？我是個吃便當一粒米都不會剩的人，再次強調「浪費食物的行為完全取決於人性，與改名一點關係也沒有！」，問題二：如此草率的改名，以後都會留下紀錄，未來公司看到有什麼感想？，2日千倍報酬，同時擴展50人的關係與人脈，我沒做過這麼成功的投資。一間公司因為我的名字從而膚淺的判定我的人品，拜託刷掉我，老子不削去。，問題三：名字是父母親賦予我的禮物？，我覺得最搞笑的無意義道德綁架，搞不好你的名字還是算命取的，笑死。，我這輩子從來沒想過改名，我也很喜歡我的名字，它真的很特別，所以我因為經濟利益考量成本改了名就把我的舊名字丟了嗎？它永遠只是存在於身分證上的一個符號，只是因為社會行為需要每個人擁有一個名稱作為代號，他才印在身分證上，就算我更改了這張證件又怎麼了？甚至連婚姻也就只是一張紙而已，多少人都可以搞假離婚了？離婚兩個人的感情與相處模式也不會有任何改變好嗎，就算我改名我這輩子也是永遠都叫我原本的名字。再者，難道你們親人、朋友互相相處的時候，都叫彼此身分證上的全名嗎？搞笑。，-，我在台中，11趟我可以都在同一家壽司郎吃，甚至我身邊的鮭魚友人大部分都選擇這麼做，但我沒有這樣，我叫每組要吃的朋友訂在不同家壽司郎，為了不給店員帶來太多麻煩也一直重複進出，我自己騎車三家店來回跑。甚至最後一天晚上跟店員閒聊，我真的很感謝他們的付出與辛苦，他們都是資本主義下被企業剝削的勞工，我每次都會最真誠的跟他們道謝，店員也說她認得我，只要我們都吃的開心，不要浪費食物就夠了。，-，還有的人說壽司郎會賠錢，全台灣也才140個鮭魚，每隻都跟我一樣吃5萬也就是700萬成本，其中還納入了原本的利潤，也就是真實成本可能只有4、5百萬，創造這麼大的新聞，只付出不到千萬的廣告費用，這波壽司郎的行銷我覺得成功到爆，至於我認為能夠改進的地方，就是活動的這兩天可以給員工雙薪，或者加碼獎金，成本不會增加多少，員工更開心，而且商譽更加分。，-，最後，茶碗蒸好吃到爆，果汁好喝到爆，一貫大草蝦好吃到爆，謝謝這幾天最辛苦的員工們，我鮭魚我驕傲。，https://i.imgur.com/DLUePox.jpg
你們是真的在乎浪費食物這件事嗎？,2021/03/20,22:02:59,https://www.dcard.tw/f/trending/p/235590857,最近鮭魚之亂的事情吵的很嚴重，從最一開始的改名開始，一派人認為改名是不孝、貪小便宜、愚蠢的行為，一派則是認為這是行使個人應有權利的自由，，但這階段來說，反對的大多部分都是中年齡層的人，大部分年輕年齡層是認為這是個人自由，他人無權干涉，年齡一代也認為這是件趣事。，我能理解反對方的想法，名字對於人的重要性相信大家都能明白，大部分人的名字，可能也是父母去算命占卜而得到的，自然有它的意義性在。，但，台灣人有三次更名機會，之後還是能改回來的，改名也是自己花時間金錢去改的，沒毛病。，很多這種問題都是道德上的感覺問題，既然是道德，我覺得就沒有所謂的絕對正確跟絕對錯誤，就像個辯論題一樣，每個人都有不同看法和見解。，再來是浪費飯這件事，老實說我一開始看到的想法是，「這招真聰明，但是好壞ㄛ」，果不其然大家開始瘋狂炮轟了，FB、Dcard看了一看，大部分人的言論都是斥責這種行為，不過我看到了一則留言，讓我印象深刻，https://i.imgur.com/KRnwZ9k.jpg，合理，老實說我覺得蠻合理的，在普遍炮轟浪費食物的留言裡出現了一則，相反意見的論點，我個人認為還真的挺合理的，在這裡先對那些可以做到盡力不浪費食物的人說聲respect，因為我個人挑食的性格，我沒辦法好好做到這件事，但我很喜歡不浪費的美德。，希望你們都能堅持下去。，反正，和我一樣做不到的那些人，你們是抱持著什麼樣的想法去反對浪費食物的呢？，這問題沒有對錯，只是拋出來讓你們思考一下，，看到這裡，期許大家能好好想一下，你們內心真正的想法，在這個網路資訊快速流動的年代，會夾雜著各式各樣的事件和言論，如果每個人在網路上一樣能理性的探討每件事，我想社群媒體和網路風氣會越來越好的吧？，以上言論為本人觀點，我不會反駁你們的留言，也期許看到更多不同的想法交流。
（鮭魚文犯法？！）當鮭名化 成為事實 而我們戰鮭魚時,2021/03/20,23:45:13,https://www.dcard.tw/f/trending/p/235591661,首先 提個問題：我們罵鮭魚的時候鮭魚的定義是人名還是物種（族群）名？，壽司郎鬧的很大，一堆人在網上批評支援鮭魚，卻有人提出我們的行為算言語霸凌，這裏外系的要來談法律，網霸要具持續性，再來我們戰時都是不約而同的不小心滑Dcard，不小心滑到時事，沒有號召更多人參與攻擊，而且甲方如果不發引戰回應我們乙方也不會攻擊他，法律不管自作自受的作死現行犯，再來，，我認為我們罵時，鮭魚屬於族群名 ，歸類於 鮭形目下，這個名詞是作為，生物名被定義，而後幾百人為了免，費壽司而改名，這裏應該是以物種名優先，我並沒有指名道姓，說到底我就說個，廣大的族群而已，舉個現象，難道我改名叫總統，我就是總統（職位）嗎？，還是我改名叫呼延將軍，我就能拿到國家將軍的供奉？，，歡迎大家來評判 （論戰）
那些鮭魚的鳥事?,2021/03/21,00:16:58,https://www.dcard.tw/f/trending/p/235591911,剛剛只是想說換一下IG的聊天室，結果被自己逗笑，IG的壽司主題 是鮭魚の顏色，被鮭魚支配的日子什麼時後才能結束呢 不曉得，https://i.imgur.com/kIONbC0.jpg
身分認同之鮭魚,2021/03/21,00:39:16,https://www.dcard.tw/f/trending/p/235592074,https//i.imgur.com/QQye1uy.jpg
鮭魚事件浪費的小小淺見,2021/03/21,00:58:55,https://www.dcard.tw/f/trending/p/235592217,我覺得大家之所以會攻擊浪費，是因為消費者心態的問題吧..，今天如果不是免費的，有多少人會這樣吃壽司（留下一堆飯只吃上面的料），就因為是免費的所以造成這樣的浪費，才讓人有不妥的感覺，大家覺得呢？歡迎提出看法！
請各位僑生不要丟僑生群體的臉,2021/03/21,01:18:59,https://www.dcard.tw/f/trending/p/235592350,https://www.dcard.tw/f/trending/p/235580905?cid=BE811F5D-953C-4FCD-92A5-830285493D42，最後壽司郎活動牽起熱潮，改名就可以免費吃壽司的活動本來與我們無關；畢竟絕大部分僑生是持不能改名的居留證。，但，某大學出現了一位特殊品種僑生改名吃壽司上新聞卻引起大家對僑生有所討論；並發現大家對僑生群體的印象不太良好。，事實上，僑生制度是對持有他國國藉和居留權的華裔有所優待；以香港為例，大部分來台灣升學的港生於公開試獲得的分數難以在香港大學聯招中獲得大學學位。，但來台就讀的話，勉強能在香港讀資助學士學位的分數可以獲得台灣頂級大學的錄取；副學士或自資學士等級的可以就讀四中或台科等級的學校；像我一樣只有高級文憑水平的也起碼讀到國立等級或私立前段；甚至有些私立大學會接受沒有一科合格的就讀。，而且大部分所謂的二一退學制度也不適用於僑生，僑生的退學線是與特殊需要學生同等的三分之二不合格。，另外學雜費與台灣人並無差異，亦有健保之類保障。，但，僑生在台灣所做的，卻多少有點對不起這種優待；，各校各系之中，僑生的排名大多偏後--沒有認真修讀課程；，遇上問題或義務就以自己非台灣人身份迴避責任或懲罰；，對導師或職員缺乏應有的尊重；，排斥與本地人的交流或分組--僑生群體自成一格。，雖然我以僑生制度來台就讀，但為的只是呼吸自由的空氣，希望各位僑生能夠好好尊重自己；不要浪費中華民國對我們的優待。
斗六戶政事務所主任想出3000元請客 改名鮭魚男子不為所動,2021/03/21,02:28:15,https://www.dcard.tw/f/trending/p/235592696,迴轉壽司店「壽司郎」推出鮭魚免費吃活動，活動3天引爆年輕人改名「鮭魚」之亂，雲林縣今（19日）有2人改回原姓名。斗六戶政事務所主任林瑞隆說，「現在社會價值都不一樣了，只能默默接受」。，雲林縣府民政處統計，設籍雲林縣改名鮭魚的有11人，在雲林縣改名的有4個，今天上午11點、12點分別有水林2名「鮭魚」民眾，到北港戶政改回原名，其中一個是「黃金頂級帕瑪森起司紅燒鮭魚智波佐助想吃炙燒鮑魚智波鼬」。，斗六戶政事務所主任林瑞隆表示，18日下午5點多快下班時，一名21歲年輕人衝進來說要改名鮭魚，他稱呼該男子「弟弟」，好意轉告他活動已最後一天，改完也晚上6點了，衝去北部吃也來不及，要不然不要改名，他請他吃鮭魚。，林瑞隆說，他真心打算出3000元，但講那些話也很怕對方生氣，不過改名的男子沒回答，只是講手機，可能有跟朋友打賭。，林瑞隆表示，以前只有2次改名機會，後來因為太多人改不回來，立法院修法改為3次，這次鮭魚之亂後，不知道立法院會不會再修為4次。他感嘆，社會價值都不一樣了，網路流行就掀起跟風，包括使用社會資源。，根據法令規定，台灣人目前終生可改3次名字，只有下列情事不得申請改姓名，一、經通緝或羈押、二受宣告強制工作之裁判確定、三受有期徒刑以上刑之判決確定。20歲以下改名須有父母陪同，可改一次。滿20歲的成人可自由決定，總次數以3次為限。，壽司郎引起的改名鮭魚之亂甫落幕，台灣鯛生態創意園區再推出限時3月20日、21日名字有「鮭魚」2字者憑身分證直接送一整條鮭魚，限量100尾。，https://www.chinatimes.com/realtimenews/20210319004488-260405?chdtv
鮭魚之亂後 飛機杯也來亂,2021/03/21,03:20:48,https://www.dcard.tw/f/trending/p/235592882,???????????，https://i.imgur.com/CyClRjL.jpg
這真的一條好鮭魚,2021/03/21,06:45:30,https://www.dcard.tw/f/trending/p/235593217,https://i.imgur.com/EdaKeDe.jpg，最近鮭魚改名事件吵的沸沸揚揚，一堆貪小便宜的人各種猛獸出閘，這鮭魚根本清流，反觀台中某鮭魚，笑了
我好像真的跟不上一些台灣人的價值觀了,2021/03/21,08:13:18,https://www.dcard.tw/f/trending/p/235593300,可能我的想法在不少人眼裡真的很老人，我也沒說我的觀念一定是對的，只是想發表一下我對鮭魚之亂的看法，其實這次有人會為了吃免費壽司去改名我已經很意外了，但更意外的是，網路上有些人對此行為竟然覺得完全無所謂，很多人覺得改名不違法啊，憑什麼去干涉別人改名的自由，但我不相信當初店家設立的名字有“鮭魚”免費初衷是會想到有人用改名這招，或許有人會覺得這是店家自己的疏忽，但是難道大家沒想過可能當初就是因為放心台灣人的素質，所以才沒有想到要做更一步的限制，但一些人利用這種規則鑽漏洞，在我看來，是不違法但就是一種道德瑕疵，跟財團用法律漏洞去避稅有什麼不一樣，我個人不覺得這新聞傳到其他國家，對台灣人會是持正面態度的，更何況還有人在那邊浪費食物……，然後我不知道一些人用打折商品導致很多人去購買的類比性在哪，打折商品對大家是一視同仁的，也沒有人用鑽漏洞的方式去取得折扣，跟這次鮭魚事件相同點在哪我真的看不太出來，我記得以前公民課分明有說過，法律是道德的“最低”標準，但我覺得現在不少人的想法是，法律是道德的“界線”，只要不違法，我愛幹嘛就幹嘛，可能是我想法太落伍吧，但我真的覺得不是只要我爽，什麼事都是可以為所欲為的
改名吃免費壽司就是可悲,2021/03/21,09:25:49,https://www.dcard.tw/f/trending/p/235593428,可憐啊台灣
Re: 鮭魚事件暴露出8～9年級生的真面貌,2021/03/21,11:26:13,https://www.dcard.tw/f/trending/p/235593792,好了啦 再次證明人類的劣根性，一代歧視一代 透過貶低年輕世代來彰顯自己思想好像有多成熟 由說教中取得優越感 ，有這樣的想法不自知就算了 論點還讓人廢到笑，才看幾個案例就急著以偏概全扣帽子 ，大學到底有沒有認真在讀啊 都讀到中字輩畢業為什麼邏輯思維學成這樣，整篇散發著放不下的守舊價值觀 我真是大開眼界 ，想將思想強硬想套在他人身上就算了 為了維護站不住腳的論點 還管到改名鮭魚的人以後有沒有工作，你真的關心這些年輕的一輩以後找不找得到工作嗎？，沒有嘛 純粹想用威脅的方式來表達你覺得他們衝動不顧慮後果 你好棒棒有想到這些他們沒想到，我覺得看完這篇文最讓人有隱憂的是 為什麼每一世代都有這樣倚老賣老的人存在 我想po文者拿8 9年級生來說 自己應該也不是多大年齡的世代層級 或許是7年級生也說不定 媳婦熬成婆？，希望大家以後不要變成這樣 至少我年輕時是這樣告誡自己的
鮭魚之亂 我要看到血流成河,2021/03/21,12:01:27,https://www.dcard.tw/f/trending/p/235593956,https//i.imgur.com/pU8iqUh.gif，雖然鮭魚之亂 關我屁事 關你屁事，但是看人吵架真D有趣，喔對我89年生喔 呵呵
不是啊，怎麼開始鞭富二代了？,2021/03/21,12:21:30,https://www.dcard.tw/f/trending/p/235594041,鮭魚之亂有些人譴責浪費食物，只吃生魚片、魚肉，醋飯挑出來。這種行為值得譴責沒有錯；但是，怎麼又開始鞭人家是不是富二代了？人家富二代跑去改名字是人家的自由啊！店家也沒有限制你家年收入多少才能吃免錢。不要無限上綱，我覺得沒必要，不是富二代的人也把醋飯挑出來只吃肉啊。我們今天是譴責浪費食物，跟富二代什麼的，一點關係都沒有，不要劃錯重點，暴露出自己的「仇富心態」，好嗎？阿館說過：今天你仇富，見一台BBA(Benz BMW Audi)就砸，你永遠砸不完。人家不偷不搶，是有礙到你？
台灣--->墮落 一切歸於鮭魚,2021/03/21,13:24:39,https://www.dcard.tw/f/trending/p/235594329,https//i.imgur.com/XZLMsB7.png，https://i.imgur.com/8hyCuno.png，主流 國際媒體 也開始獵巫 黑台灣，台灣從 金馬 政治墮落事件之後，綜藝 演藝 流行音樂 全部被趕超 (戲劇輸韓國 偶像全往中國跑 流行音樂不如韓樂 抖音)，雖然有 但分眾多，之後 藍綠鬥爭 到 連藻礁萊豬 都可以吵這麼久，送口罩送到 還是沒朋友，挺美國挺到美國現在還是認同一中原則，為了吃壽司吃到 價值觀扭曲，加上國際詐騙台灣輸出 案例 層出不窮 還被送去中國公審 (被西班牙引渡) 卻沒有制裁西班牙，人家北韓都制裁馬來西亞跟斷交了，是臺灣好欺負還是台灣人沒狼性 整天小確幸被欺負都無所謂，總統天天大內宣 ，海外華人被歧視(包含台灣僑胞)，政府0作為，鳳梨一顆賣20 加幣(炒作人民愛國心)，https//i.imgur.com/VO1MVuw.png，核電 沒電 大家一啟用愛發電，同婚不讓通過(其他國家婚姻 EX 未通過同婚國家 中國 韓國等) 通婚，領養小孩 和 代理孕母，各種落後 薪資貧窮 確還是 ，，https://i.imgur.com/M87hJJu.png，所以台灣在怎麼爛 還是東亞NO.1，大家一起繼續沉淪，產業外移 音樂輸南韓AND中國 電影繼續拍如 杏林醫院等大爛片 ，金馬繼續沒有最佳外語 島內自HIGH，反正台灣NO.1
愛說謊鮭魚之夢,2021/03/21,14:23:21,https://www.dcard.tw/f/trending/p/235594664,啊你是要吿什麼？吿自己嗎?，影片裡都是你親口講的啊⋯⋯，好誇張...，https//youtu.be/97eM9TQ3Gl8
夾蝦男餐會「超貪背影」遭翻出！同學才驚覺：是張鮭魚之夢本人,2021/03/21,14:47:05,https://www.dcard.tw/f/trending/p/235594786,笑死，得罪記者一直被爆料，https://www.ettoday.net/news/20210321/1943024.htm?from=fb_et_news&fbclid=IwAR3RS86CvPreyOb0D1DoAccxBdzTEAqlxKcyGYTBFT444CiL-NyYxcLKcvM
鮭魚之亂，價值觀異常的社會,2021/03/21,16:33:25,https://www.dcard.tw/f/trending/p/235595396,如題，一切合法但是被駡爆，這社會到底怎麼了？，一件對於社會、群體和個人沒造成任何危害的事，卻被放大檢視成這樣，到底還是媒體妖魔化促使群眾無腦跟駡而已，道德部份純粹個人想法無從討論，所謂道德魔人連你呼吸都可以牽扯祖宗十八代啊，想著這件事為什麼不能以幽默的角度來看待呢？，是台灣人過得太緊繃還是這個社會喪失幽默感了，嘴裡駡著鮭魚貪小便宜，啊還不是在衝outlet，買一送一還不是排爆，這次鮭魚活動被駡爆，下次直接送錢就看有幾個人會繼續駡
教授兼老闆 邱建一發文:本公司一律開除鮭魚絕不寬貸 學生死當,2021/03/21,17:03:43,https://www.dcard.tw/f/trending/p/235595581,台灣壽司郎推出促銷活動，只要姓名名字含「鮭魚」者全桌免費，引發全台改名風潮，其中，北市萬華區公所曾提出，有的老闆會看「戶籍謄本」的理由，成功勸退3人；而公司行號真的會因為改名鮭魚為吃免費而對員工觀感不佳嗎？答案可能是肯定的！「新月藝文沙龍」負責人、同時也是教授的邱建一，就針對鮭魚改名事件在臉書發文要開除改名的員工，以及死當改名的學生，主因是這些人有貪念，此風不可長！不過邱建一發文後又刪文，相關文還是被截圖轉至Dcard。，邱建一曾在3月19日於臉書公開發文表示「為了吃免費而改名鮭魚的，如經發現為本公司員工或日後新進員工，由於道德瑕疵無法容忍，已不配成為營運團體一員，一經發現，本公司一律開除處份，我才不鳥啥勞基法，絕不寬貸」、「同時在我班上的，若你也改名鮭魚，請自動離開我的教室，免得汙了我教室的地板，你不走我可以直接死當你，一輩子別想從我班上拿到學分，不爽可以到教育部告我，我等你」。，https//tw.appledaily.com/life/20210321/6E6O55NZWZDC7CVIBIPZGJFFNA/，https://reurl.cc/jq6pVM
鮭魚之亂v.s蛋撻（衛生紙）,2021/03/21,17:56:21,https://www.dcard.tw/f/trending/p/235595863,改名吃鮭魚=>貪小便宜、無恥、為了一點小利益出賣自己，買標錯價的蛋撻=>爽啊、賺啊、小蝦米的勝利，，奇怪怎麼都沒看到有人出來譴責這些買蛋撻的，既然公司都可以違法要求看戶籍謄本，要求看一下蝦皮購物清單有沒有買過蛋撻應該也不算什麼吧，還是針對特定族群啊 ㄏㄏ，https://www.ettoday.net/news/20210319/1942244.htm
鮭魚們貪小便宜嗎?,2021/03/21,18:59:32,https://www.dcard.tw/f/trending/p/235596275,身為一個每天起床就是FB、PTT、Dcrad這幾個平台切換得網路鄉民，這幾天瘋狂的被鮭魚轟炸看到都鮭巴度火，除了窮學生吃不起鮭魚的憤慨外 ，更多是令人覺得鮭去來夕的奇怪批評。，鮭魚之亂本質根本不是貪小便宜！，首先，我不理解為什麼參加店家所推出的活動叫做貪小便宜？甚至有人撰文批評年輕人都短視近利? 那依此說，買兩包衛生紙第二件半價也是貪小便宜嗎？店家推出活動，消費者參加活動，雙方意思表示一致，誰受害了，誰又占誰的便宜了？更不用說那些主張店家會虧損的說法，人家壽司郎還輪不到你一個路人甲來關心他的盈虧。，鮭魚會在戶籍謄本上留下紀錄，這不是短視近利什麼才是！，  先不吐槽你不知道民國幾年才會去申請戶籍謄本，在上面顯示你曾經名為陳鮭魚，造成什麼實害了? 有人說：「啊老闆看到怎麼想？他一定覺得你貪小便宜，不會錄取這樣員工。」但你不覺得老闆要看你戶籍謄本不就很奇怪了嗎?(另外，我覺得看戶籍謄本本身就有違反就業服務法第五條第二項第五款的疑慮。)再者，改名鮭魚這件事本身也具有多重意義的解釋，難道有勇氣改名鮭魚，不是一種勇於突破而且不畏懼他人眼光的人格特質嗎?， 可是很多鮭魚都浪費食物，你怎麼看？，  浪費食物當然是嚴格應該被譴責的事情，不過鮭魚與浪費食物之間也沒有具相當程度的因果關係，不是鮭魚就一定浪費食物，浪費食物的也不是只有鮭魚啊，再者為什麼浪費食物與改名貪小便宜，本質上獨立的兩件事物會綁在一起討論呢?，  浪費食物本質上就是不正確的行為，今天不管你是鮭魚、鮪魚、韓國魚、糕加魚都不能浪費食物。， ，所以改名吃鮭魚好正確？， 話也不是這樣說，一碼歸一碼。前面我說照著店家優惠走不是貪小便宜，但也沒有稱讚鮭魚的改名行為啊！，為什麼很多聲音會覺得改名鮭魚這件事不妥？除了隨便就改名字似乎不是件符合社會觀感的行為，我認為更關鍵的乃在於改名字的手段與吃鮭魚這個目的的關聯性，意即欲達成的目的與使用的手段間，加以衡量，是否為一個妥當的行為。，不太了解?我們先來看看兩個ㄌ...兩條鮭魚的故事，https//www.dcard.tw/f/trending/p/235584761，為什麼鮭魚之夢先生引起群眾撻伐，而鮭魚湯先生則是得到一片讚揚？其實顯而易見，前者為了免費壽司而改名，而且以此帶人吃壽司牟利、凹記者免費燒肉等；後者則將剩下來的餐費捐出去，回饋社會。，我們來分析一下多數鮭魚的手段與他們預期想達到的目的，手段，大多數鮭魚都是吃免費壽司為主，少數者像鮭魚湯先生，要回饋社會。，把手段與目的綜合的比較，改名這件可能有點重要的事情，被用來作為免費幾餐的對價；而換發身分證雖說損耗公共資源微乎其微，但被用來滿足私慾。這兩個手段，換來填飽鮭魚們的胃，不太容易會被大眾所認。也因此，鮭魚湯先生並非滿足自己的私慾，而是為了捐助有需要的弱勢時，造成了更大的社會公益，自然得到一片掌聲。，其實整件事情的核心應該在於名子給人的意義，鮭魚們可能覺得改名吃免費的很划算，也誠如我說的，名字對於每個人的意義都不盡相同，難以一概而論，去說改名這件事是正確或錯誤。，但以我自己的看法，名字這種東西還是與個人人格是有高度相關性的，如果為了一餐幾千塊的壽司改名，似乎表示你的人格就是那一餐餐費能夠收買的，再者今天能為一餐壽司而改名，那是不是祭出更高的優惠就能收買你其他高度人格相關的權利呢?這些問題值得我們思考。，當然你可以不喜歡我的意見，誠如艾主席說的：你是自由的。
教改x鮭魚迴游,2021/03/21,19:57:22,https://www.dcard.tw/f/trending/p/235596648,"https://www.facebook.com/100000471228657/posts/6047885788570402/?d=n，（原文來自台大葉教授），如果這麼會說，台灣的暴力犯罪從 2005 年的 1 萬 4,301 件，下降到 2017 年的 1,260 件、竊盜案件從 2005 年的 30 多萬件減少到 2017 年的 5 萬多件。》，這些犯罪數據是統計全台灣人的？，還是只有統計20-30歲的年輕人？，如果數據只有20-30這段年齡層，那麼以這位教授的觀點而言，教改真的非常成功！！，對我來說，不會把鮭魚迴游歸因於教改，這番言論實在不公平。，但這案件的確突顯台灣的*教育*出了點問題，這個教育包含了，「非學校型態教育」與「學校型態教育」，改名的300多人全集中在20-30歲之間，教改期間剛好符合這些人的歲數，教改被拿來開槍也是無可厚非，大部分的《臺灣》人們不會承認自己的錯誤，有人說教改失敗，支持教改的專家學者當然會不開心，有人說家教失敗，家長往往也只會怪罪他人，（我的小孩平常都很乖，一定都是別人帶壞他的），如果大家的小孩都很乖，那麼真正的壞人是誰？，教育本來就無所不在，在哪裡都可以學習，在家裡就是家長教，在學校給老師和同學教，出社會就給社會來教你做人，鮭魚迴游的現象，只是突顯貪小便宜的心態罷了。，雖說樣本數不足，問了身邊親朋好友對這件事的看法。，年齡層最低14最高有到6x歲，大家做不到改名的原因，同一口徑都是好丟臉，臉皮厚到可以當防彈玻璃，而且小便宜的心態作祟。，改個名既不犯法又無傷大雅，而且還能改三次那麼多，又不是在社會上最被人唾棄的作奸犯科，貪個小便宜對這300多人而言根本不算什麼。，在社會走跳，並不是只用法律作為依歸。，用道德的最低標準，來衡量是否要改名字。，不能說你/妳的價值觀有問題，因為價值觀沒有是非對錯之分，價值觀在形成之際，會影響價值觀的，有教育、有環境、甚至有其他因素，只能說那300多人的價值觀實在是非主流，雖不傷害他人，但並不符合社會期待。"
別人改名是關你？,2021/03/21,20:05:09,https://www.dcard.tw/f/trending/p/235596708,逆風一下，雖然我沒改名，但真的覺得瞎，有沒有可以解釋一下這些現象是怎麼出現的？，一堆老人搶博愛座，一堆大媽特價搶著插隊，一堆中年人當老闆凹年輕人又愛酒駕包養，到底哪裡來的自信管別人名字？，看到很多人把不關他的事，說的好像深惡痛絕，平常圍停害人車禍都沒看那麼多人出來吠…，特別是中年人，很愛說改名就會搶就會偷就會騙，搞的好像酒駕、外遇、收回扣、說假政策的好像都是年輕人，別人改名你喊糟，老人超愛說：這我看不起，別人的名字也沒要你看的起啊？，你以為你是誰？，說醫生那位沒醫德的，那些大量外遇的醫生你們就覺得很有醫德？，不改名你們就覺得很有醫德？，某位老頭藝人出來蹭熱度，管不好兒子，說兒子退出演義圈又光速付出，而且甚至還無照酒駕，這藝人自我感覺這麼良好？，更別說什麼公司不錄用，憑藉法律，雖然現在沒講那麼細，但是真的很難想像未來如果有條例出現，這不可能不違法吧？，然後一直喊別人佔便宜的，活動就是這樣子，買一送一才去買東西的，湊免運的，等遊樂園連假優惠才去的，講實在的根本半斤八兩，就是達成條件就有優惠而已，這優惠也不是有人凹出來的，也不是像洗發票的那群弱*造成別人麻煩，笑的還是壽司郎，打了一大票廣告出來，（黃牛本身就是個問題不討論），一堆中年人老愛說，我兒子如果吼#^$]，老人你再過不久可能就中風倒下了，先別再管你兒子吃不吃壽司改不改名啦，自己注意酒少喝別酒駕比較有意義啦，浪費食物的是真的很糟，撻伐沒話說
鮭魚之亂糟糟,2021/03/21,20:42:28,https://www.dcard.tw/f/trending/p/235596968,這幾天的新聞幾乎都圍繞著此事件，看到有人真的為了吃免費壽司而去改名，覺得很有想法，害我都心動想變成林鮭魚，但家裡一定不會同意加上我覺得改名很麻煩，後續所有相關資料都要做更正，雖然是可以活動過後在馬上改回，不用更改其他的。，改名是每個人的權力，為何二次更名一定只能是在成年後，目的就是對自己負責，今天我真的喜歡鮭魚，叫林鮭魚有何不可，而以前學到的國家組成要素，包括人民、領土、主權政府及外交之能力，所以你的名字是很重要的，你就是國家組成之一，因此才會讓更改自身名字這件事看得如此重要，但前面有說了，對自己負責！，而這次因為壽司店活動的關係，造成大量鮭魚出遊，引發社會觀感不佳外加衍生浪費食物情況產生，但我最擔心的是已經有youtuber出來說要拍影片，活動為更改他們指定名字就給現金，先不論真假，到底有多少人會因此行動還不知道，而大家都說今天為了吃免費壽司，又花不了多少錢，跑去改名瘋了、貪小便宜，那今天如果叫你改名給你100萬你要不要改，所謂重賞知下必有勇夫，我想連我都會心動，人都是有貪念的除了無所求以外，況且改名本就是自身權益，實在是沒什麼好罵的，而yt拍影片此事件造成後續的模仿效應是我擔心的，你可以改名，改了又改，但你已經造成社會資源的浪費。，剛好今天看到有人跟我想法一樣，可以修改改名條例，例如更名後需經過幾年才可再次更名，來遏止歪風，但今早有看到內政部消息表示：「因促銷活動改名者佔少數，暫不修訂姓名條例」，我就在想佔少數定義是＝活動改名者/全台人數嗎？舉例化學反應，催化劑丟下去，把誘因拉高，又會增加多少改名者，雖然這人數可能也是內政部所謂的佔少數，但如果你去制訂條例，例如上述所說再次改名需有一定年限，雖說是不能完全阻止想參加活動改名的人，但一定能有效減少人數，再怎麼樣的法規條例，一定都有漏洞可躦，我們能做到的只有減少漏洞產生、縮小漏洞。，但是重點！鮭魚真的好好吃阿！！！
佔便宜的背後，付出了什麼代價？,2021/03/21,22:49:34,https://www.dcard.tw/f/trending/p/235597897,我先強調今天店家辦這樣的活動，，可能如很多人說的，存心不想給人免費才設下「鮭魚」這樣的條件，，就算被鮭魚們反將一軍也不值得同情。，但！鮭魚們今天顯然違背一般人對用餐的想像，，店家的公告說「同桌最多6人可以免費」（下稱：「鮭魚免費條款」）就是傳達一個明顯的意思：，1、他們的活動想給鮭魚仔的免費額度就是一餐6人，另外，也可以從誠實信用原則得出第二跟第三個限制：，2、活動限於「在一般人可接受範圍的用餐習慣」，也就是假設一個正常的人在吃到滿足後，就不會在短期內再次入場消費。，當然我也不能否定一個人一天吃好幾餐並帶不同人一起用餐的可能，畢竟食量與用餐習慣有所不同。判斷重點應該是在於鮭魚以及鮭魚所帶的同行，以及他們所食用的量，來判斷是不是權利濫用。，3、禁止透過此活動從事盈利行為，最後一點應該很好理解，假如今天鮭魚向房東租屋，就算契約上明白寫著水費免費（由房東負擔），難道鮭魚就可以接一條水管把水賣給其他人？或讓整個社區的人用水都靠他這戶提供？，之所以不行的理由很清楚，就是一般房東在寫水費免費的時候，心理預設要負擔的是一般居家用水，不是開洗衣店或小吃店的用水量，更不會是租戶將水直接轉賣的成本。，回到這個活動，無論如何，鮭魚仔利用自己本身免費來收錢獲利，明顯就是權利濫用，沒有什麼值得炫耀或值得法律保障的地方。，再來看壽司郎的營業時間：1130，搭配鮭魚們動輒兩天10次以上的消費戰績，幾乎是整天待在店裡了！，可能有些人會說店家遊戲規則自己沒寫清楚，這樣做完全有理，但真的嗎？，任何一個契約都沒辦法囊括所有權利義務關係，而有必要用一般社會通念來補充，我想以幾個反問來詢問鮭魚們，，今天壽司郎想要有允許活動對象整天反覆進出店面，當人頭主要負責結帳嗎？如果認為壽司郎的公告有包含這樣的行為，那公告要怎麼寫才會看起來沒有包括？一定要加上「請勿成天待在店家當結帳人頭」或「本活動禁止轉售盈利」嗎？，這些應該是一個文明社會的人民，在看到這樣的活動會自己想到的規則，不是嗎？（不諱言，壽司郎可能也想利用這個規則，但那也是他的正當主張啊），大企業雖然可能對此不痛不癢，沒有什麼值得同情之處，但今天發生的是許多鮭魚拋開了契約雙方往來互動的誠實與信用，在這個活動中，佔了店家的便宜，以表面上的字義，去硬凹合理化自己的行為，店家可能宥於公關而不阻止甚至可能樂於鮭魚們幫忙宣傳。，佔人便宜的行為有何值得宣揚？有何值得炫耀？，P.S. 難道佔便宜的對象是大企業，就完全合理？（例如：大企業一發生標錯價的疏失，就必然要照著出貨？即使任何人都看得出明顯是有基層員工出錯了？道理何在？明知標錯價想藉機大賺一筆的消費者有何需要受保護的地方？讓大企業再回頭向出錯的員工求償嗎？）
鮭乙己,2021/03/21,23:47:20,https://www.dcard.tw/f/trending/p/235598437,鮭乙己一到店，所有吃壽司的人便都看着他笑，有的叫道，「鮭乙己，你又帶新的一群人進來了！」，他不回答，對櫃裡說，「上兩盤上腹，要一些芥末。」便拿出一張身分證。，他們又故意的高聲嚷道，「你一定又收錢帶人進來了！」，鮭乙己睜大眼睛說，「你怎麼這樣憑空汚人清白……」，「什麼清白？我昨天親眼見你向人收了不少錢，賺不少。」，鮭乙己便漲紅了臉，額上的青筋條條綻出，爭辯道，「帶吃飯不能算偷……佔便宜！……鮭魚吃飯，能算佔便宜嗎？」，接連便是難懂的話，什麼「不能改名」，什麼「把兒子取名叫鮭魚之夢」之類，引得衆人都鬨笑起來，店內外充滿了快活的空氣。
鮭魚,2021/03/22,00:10:43,https://www.dcard.tw/f/trending/p/235598616,先說明一下，我出社會了。，我覺得吃一餐壽司郎也花不了多少錢，，如果我有朋友或是 身邊的人為了吃去改名字，我會覺得蠻丟臉的，有人說投報率高，但其實你也沒有真的收到那筆錢，自己還要逼迫自己在那個時間內必須吃下那麼多東西，也有人說 能認識很多人為自己增加人脈，這種場合的朋友，你能記住幾個？又有多少是在看笑話？，如果他也認同你 那他自己也能改阿，如果說今天你有錢帶那些人去吃飯，而不是透過這種優惠下，我想效果完全會是不同的，，以上是我自己的看法，也許時代在變，價值關也在改變吧。，，補充一下，因為我在國外工作，說真的當聽到有人在說這件事的時候，我一點都不覺得有趣
張鮭魚之夢聲量創新高 這政治大咖低到不行,2021/03/22,00:32:10,https://www.dcard.tw/f/trending/p/235598801,藍色 鮭魚之夢聲量，https://i.imgur.com/FHh3ozo.jpg，紅色 柯文哲聲量，日本連鎖迴轉壽司店「壽司郎」推出只要名字中有「鮭魚」二字，就能免費吃壽司，掀起一波改名的「鮭魚之亂」，全台一共逾300人改名，此事還登上了國際媒體。其中改名「張鮭魚之夢」的中國醫藥大學中醫系學生聲量最強。根據輿情民調網站《聲量看政治》統計過去7天，把「張鮭魚之夢」與台北市長柯文哲的網路收尋熱度比較，張鮭魚之夢居然遠高於柯文哲。，https//i.imgur.com/eWkA9eZ.jpg，網友回應說，「可是他好像不只想當普通老百姓而已啊，每個人都有機會成名15分鐘，看他有沒有抓住這一波了。」、「現在事情消長開始走鐘了，當事人開始被人起底，對他或對公眾我不太樂見這樣。」、「柯文哲如果當時去改名成柯鮭魚現在就有聲量了。」也有人認為，「其實，他改名的事和你何干？當笑話看完就了事，說穿了是人們太多事吧。」https://www.chinatimes.com/amp/realtimenews/20210321003112-260407，///////////////////////，中國醫藥大學 中醫系 ，vs，台灣大學 臨床醫學研究所博士兼教授，都幾？
一堆自以為開放的封閉老人,2021/03/22,03:46:40,https://www.dcard.tw/f/trending/p/235599657,這幾天的鮭魚事件，看到在那邊譴責改名字的正義魔人，真的覺得好好笑，人家又沒有犯法，也不是改你的名，在那邊機機歪歪什麼，住海邊是不是，但這還不是最好笑的，一堆人在那邊譴責說不該批判改名的人，然而下一句卻說要譴責浪費食物的人，每次看到這裡就覺得超好笑，這根本就是五十步笑百步，請問人家浪費食物是犯法了嗎，或者人家違反店內規定了嗎，還是浪費你家的糧食了嗎，一堆局外人在那邊批判，還自以為講出這句就好像顯得自己最道德正確，帶著優越感去批評別人，殊不知這種想法和行為和第一段老人根本同類型，每次看到我都快笑死，看來現在年輕世代的想法也是很老人，我看台灣是真的沒救了
「張鮭魚之夢」旋風席捲國外！別在餓的時候改名字、台灣也有笨蛋,2021/03/22,04:38:35,https://www.dcard.tw/f/trending/p/235599767,https://i.imgur.com/hLgTkJV.jpg，台灣「鮭魚之亂」繼續在國外引發討論，台中中國醫藥大學的張姓男大生將名字改為「張鮭魚之夢」後，除了陸續有外媒報導，美國網路論壇「Reddit」也有多條留言串討論。儘管台灣官方已澄清張鮭魚之夢仍有一次改名機會，國外仍有不少報導誤以為他的名字已改不回來，對此許多網友紛紛留言，「完全不同情」、「為了吃鮭魚改名還落淚，何苦呢」，不過也有人說「我可以接受耶」。，「LAD BIBLE」特別針對張鮭魚之夢進行報導，張鮭魚之夢的外文名也很夢幻，叫「Salmon Dream」。報導向外國網友解釋張鮭魚之夢得知自己不能改名後非常難過，而不能改名的原因是因為台灣只有3次改名機會，而事主在改名前不知父母已經把自己改過2次名，改完名才知道這已是第3次。，張鮭魚之夢並非報導唯一提及的改名人士，另一名高雄的馬先生改名鮭魚，竟是耍小聰明，兜售自己的免費機會，讓同學朋友付原價格的3成金額和他共桌大啖壽司。，對此，國外網友紛紛留言開酸，「不要在你餓的時候改名字」、「我愛死了，原來那邊也有笨蛋，美國我們不是孤獨的！」、「我大學也做過一些荒謬離譜的爛事，但沒有到為了一點點小利益就去改名這種地步，完全不同情」、「老實說真的不覺得他可憐，為了餐廳優惠而去改名，這某種程度上也算可悲。」不過也有少部分網友表示沒什麼，「聽起來很行，我覺得可以」、「笑死。」https://www.ettoday.net/amp/amp_news.php7?news_id=1942829&from=.cc，--------------------，有誰能想到，這個笨蛋就是美國人
從鮭魚之亂看見女性霸權,2021/03/22,07:27:09,https://www.dcard.tw/f/trending/p/235599924,發現這些改名鮭魚吃大餐者，絕大部分都是男性面孔，雖然也有女性，但也就零星幾個而已，這是否就是所謂「窮養兒，富養女」的鬼觀念的後遺症？女性從小就養尊處優，佔盡家中資源，出社會後又整天被男性請客，當然不屑為了吃那一餐而改名，而男性從小吃苦，長期處在不合理的磨練的環境中，人格逐漸扭曲，養成匱乏心理，才會比較容易做出這種以尊嚴換取食物的行為？，這個現象很有趣，值得探討
鮭魚之亂 很嚴重哦,2021/03/22,09:53:14,https://www.dcard.tw/f/trending/p/235600260,"未來如果有要去五眼聯盟移民 或是 申請工簽 學簽 都需要提供 姓名的歷史紀錄，而且會很嚴格得審查，WORKING HOLIDAY 不知道，但是移民 非常CARE 名字，像我爸姓羅 但那個年代 不CARE 羅馬拼音 所以稱 LO (他護照顯示)，我 的則被改成 (LOU)，就有被移民官刁難過一次，甚至 護照 英文名字 之間的 ""一""符號 都要貫徹始終 寫上去。，因為他們很笨，如果被發現你以前叫做鮭魚 ，比如說 Salmon Luo ，他可能不會覺得你真的叫這個名字 會以為你是 simon Luo，於是就會把你給退回去叫你解釋，，，雖然問題不大  解釋過就可以 但很麻煩 這幾個移民國家程序很沒效率，退來退去的 犧牲大家時間，奉勸那些以後 要移民的8+9 千萬不要改名 讓自己麻煩"
網嗆「鮭魚之亂」全教改的錯 台大教授爆氣：哈囉？,2021/03/22,12:02:19,https://www.dcard.tw/f/trending/p/235600844,"為了知名日式迴轉壽司店「壽司郎」的免費優惠，全台灣掀起一波改名熱潮，已經有300多位名眾改名為「鮭魚」，而這群「鮭魚們」多是8、9年級生，就有網友炮轟「鮭魚之亂」都是因為「教改」害的，對此，台大教授葉丙成說話了。，https//i.imgur.com/XxgvNu8.jpg，葉丙成說：「但有件事，我實在不能認同。看過幾個罵年輕人改名的，最後說都是教改害的，讓台灣的年輕人都變這樣。」他傻眼表示：「哈囉？先不說人家改名有沒有錯，憑什麼說這都是教改造成的？今天三百個人改名，台灣二十至三十歲人口約一百五十萬人，改名鮭魚的人佔不過萬分之二，0.02%。你要說這是教改造成的？」，葉丙成說道：「台灣的暴力犯罪從 2005年的1萬4,301件，下降到2017年的1,260件、竊盜案件從2005年的30多萬件減少到2017年的5萬多件。你怎麼不說這都是過去二十年教改的功勞？」，葉丙成感嘆：「與其罵年輕人為了小便宜而改名，怎麼不說是因為我們過去幾代的人沒把經濟弄得更好、讓貧富落差更大，以致於能省幾百幾千塊免費吃一頓，會對年輕人這麼有吸引力？」，貼文一出引來許多人共鳴，「教改是最懶惰最方便罵年輕人的藉口，順便可以罵政府，多容易」「我覺得老一輩的人貪小便宜的狀況才多吧，看看好市多拿洋蔥拿紙巾的」。https://www.google.com/amp/s/tw.news.yahoo.com/amphtml/%25E9%25AE%25AD%25E9%25AD%259A%25E6%2594%25B9%25E5%2590%258D%25E6%25BD%25AE-%25E7%25B6%25B2%25E5%2597%2586-%25E9%25AE%25AD%25E9%25AD%259A%25E4%25B9%258B%25E4%25BA%2582-%25E5%2585%25A8%25E6%2595%2599%25E6%2594%25B9%25E7%259A%2584%25E9%258C%25AF-%25E5%258F%25B0%25E5%25A4%25A7%25E6%2595%2599%25E6%258E%2588%25E7%2588%2586%25E6%25B0%25A3-012747484.html，一一一一，嗨！"
鮭魚之亂 - 名字真的那麼重要嗎？,2021/03/22,12:31:57,https://www.dcard.tw/f/trending/p/235601026,"近日因為壽司郎非常厲害的企劃（名字中有鮭魚者可免費吃壽司），造成短時間內有許多台灣人改名為鮭魚，也成了大家茶餘飯後的話題之一，許多人因為活動而衝動改名，但可能沒有意識到名字其實比我們想像的更重要，不只是畢業證書、工作履歷、身分證配偶欄這些實質可見的重要性，還有心理層面的影響，這次我們來聊聊姓名的心理學吧（沒有同時考慮改名鮭魚帶來的經濟收益噢），https://i.imgur.com/kZsmis2.png，，【名字與自我認同有著緊密的連結】，自我認同（self-identity）是一種內在對自我連續性與一致性的感受，簡單來說就是個體對於「我是誰？」這個問題的答案，如果能夠發展出健康的自我認同，那麼他能很有自信的回答「我是誰？」，並且這個答案可以在內在形成穩定的意象，在學前時期，兒童在思考「我是誰？」時，一般會建立在自己的名字以及明顯的外表特徵上，例如，「我是張XX，我有長頭髮。」，其中有不少孩子會認為，如果換了一個名字之後，自己就不再是自己，到了青少年及成人階段這個現象就比較少見，取而代之的是，對於自我認同的形塑會轉向內在自我價值的探索，一般比較常困擾青少年的包括：職涯抉擇、信仰抉擇、關係中自我的定位，，【名字是個人獨特的特質】，雖然長大後自我認同感朝向內在自我價值，不過姓名的重要性仍然存在，姓名此時作為個人獨特的特質而存在，耶魯大學曾做過一系列關於自我概念的研究，發現人們傾向使用自己獨特的特質來描述自己，因為這些特質可以很有效的區分別人跟自己，而名字其實就是一種個人獨特的特質，在許多自我概念相關研究的文獻可以看到，成年的研究參與者，即使告知實驗需要匿名進行並要求盡可能不要提及自身名字，但在描述自我時，仍有很大比例的參與者會提及自己的名字，也許名字本身已經在我們成長的過程中，藉由與外在他者的互動而與我們的人格特質相互連結，並且經由內化的過程將這些連結納入我們自身，使得名字不僅是特質之一，同時也成為我們人格的載體，，【改名與自我接納】，而改名也許可以看作自我認同的另一個方向，過去研究發現越能接納自我正負向特質的人，越喜歡自己的名字，同時這些人也越同意他們的名字就代表自己，而越無法接納自己的人，則越不喜歡自己的名字，也越不認為自己的名字是自己，也許對自我的接納程度會影響一個人改名的動力，不過除此之外，也應更加留意家庭動力的因素，因為每個人的名字一開始都是被父母給定的，改名勢必牽涉父母與子女的關係，很心理動力的說：對名字的不認同可能反應對父母的恨，，【因為鮭魚改名很蠢嗎】，在華人社會我們偶爾會聽聞為了改運而改名，西方心理學則是從人格與自我認同的觀點看待姓名的意義，不管從哪個角度切入都會看出名字之於我們的重要性，名字不只是一個稱呼，更是個人人格的載體，或可能影響未來的運勢，在思量改名時，應該審慎思考名字與自身的契合程度，因為這將影響後續衝動過後冷靜下來時，新名字對自我概念與認同感受的衝擊，弄不好也許會需要承擔認同混淆的風險，「我到底是張XX，還是張鮭魚，還是說我真的是一條鮭魚」，不過也許我們真的有許多與鮭魚相似的特徵，而且是我們喜歡且認同的特徵，比如說力爭上游、迴游不忘本等等，那麼改成張鮭魚似乎也不是那麼愚蠢的事情，甚至可能可以增強自我感受XD，你對於改名鮭魚有什麼其他想法嗎，歡迎留言討論～，參考資料，Dion, K. L. (1983). Names, identity, and self.，，-，https://www.instagram.com/psyfatcat/，-，我是肥宅貓，偶爾從心理學角度言論時事，追蹤我，用一杯咖啡的時間聊聊台灣大小是非><，有任何想議論的主題歡迎留言讓我知道，（Instagram上有更生動的圖文版，不喜歡看一堆字的朋友，十分歡迎到肥宅貓的IG晃晃XD）"
張鮭魚之夢上課狀況曝光 慘遭同學老師譏笑,2021/03/22,13:12:01,https://www.dcard.tw/f/trending/p/235601280,https//i.imgur.com/I66u1gP.jpg，張鮭魚之夢表示，今天一早就到校上課，同學們都在笑他，讓他整堂課都趴著上課，「真的很丟臉」，也擔心是否壽司郎真的將他拉黑，列入黑名單，不斷要求記者幫他打聽清楚，還說教授在課堂上點名，全班聽到名字後都在笑，教授甚至要求他離開教室回家。對此，中國醫大指出，改名是學生私領域部分，不會介入，至於上課被老師要求離開一事，得再進一步了解。，https//www.google.com/amp/s/www.ettoday.net/amp/amp_news.php7%3fnews_id=1943637
張鮭魚之夢今天根本沒來上課！,2021/03/22,16:25:26,https://www.dcard.tw/f/trending/p/235602547,從早八的傷寒學以及中醫藥物學截至現在的必修課，系核都沒有在班上出現過，何來被同學訕笑以及被教授趕出教室之事？，可以麻煩東森記者貼一下您與鮭魚的對話紀錄嗎？，否則我們不知道是記者在造假炒新聞或者鮭魚說謊。，若是記者假造新聞，就真的很可恥，你們台可以廢了...，若是系核對記者爆假料，那對於班上同學以及教授都是莫大的傷害與污衊，學校屆時該處理了吧⋯⋯，https//tw.appledaily.com/life/20210322/HOMCCAPTIZHIPKVG7KHTGY5HH4/
改鮭魚不等於放棄名字啊,2021/03/22,18:08:08,https://www.dcard.tw/f/trending/p/235603285,一堆人用放棄父母給的名字，數典忘祖三小的儒家思想扣在改鮭魚的人身上，講的好像他們沒有要改回來，實質來說他們放棄的是往後改名的兩次機會，實際上真正想改名的才是放棄父母給的名字吧
鮭魚之亂與蝦皮之亂,2021/03/22,19:22:03,https://www.dcard.tw/f/trending/p/235603753,如題，對不起但是我真的很好奇，鮭魚大家都說丟臉、貪小便宜，但是大家Po出來的身份證都是鮭魚，說丟臉我覺得還好?，那個刷版面的夢鮭魚先不說了（還是鮭魚夢？，長輩們罵的超級難聽，臉書上有關鮭魚的下面全是說貪小便宜跟不要臉背骨仔，但是蝦皮之亂好像沒被特別提到，在金額上賠償真的蠻多的，影響的幾乎是全年齡層的消費者吧，怎麼好像罵聲就沒鮭魚大，但這也是貪小便宜的部分吧？，還是說其實蝦皮之亂是大族群比較容易獲得同溫層關愛，所以在貪小便宜的部分就覺得無所謂？
對話內容曝！鮭魚之夢謊無法改回名 遭尤鮭魚打臉,2021/03/22,19:39:37,https://www.dcard.tw/f/trending/p/235603870,台中鮭魚之夢日前面對媒體鏡頭，說自己改名3次無法再改回，現在又有另一位尤鮭魚出來證明，鮭魚之夢同學，從頭到尾都在說謊。，https://youtu.be/ZuWp4x3d9-Y
鮭魚之夢,2021/03/22,20:31:56,https://www.dcard.tw/f/trending/p/235604235,起初看到鮭魚無法再改名的新聞，還有點同情，後來又看到戶政事務所聲明，其實可以再改回來的新聞，仔細想想整件事非常奇怪。，遇到這麼特殊的改名個案，戶政人員應該會再次與本人確認更名意願以及還可更名次數，如果是戶政算錯改名次數（或是鮭魚本人記錯），那麼仍執意要改名成鮭魚，不就是自己活該？怎麼還訴諸媒體哭哭不能再改了？很不合理呀？！，果不其然今天就有新聞報導鮭魚之夢說謊??，https://youtu.be/ZuWp4x3d9-Y
鮭魚之亂，網路集體霸凌？,2021/03/22,23:58:48,https://www.dcard.tw/f/trending/p/235605893,先聲明，不認識張鮭魚之夢本人，也沒有要袒護他被新聞所述的不道德行為等。，就上學期多所大學發生自殺案的背景之下，媒體炒作（更：不知本次是否屬實）單一個案，又遭到網路言論撻伐，我很怕發生憾事。，不論今天張生的行為是否屬實，站在人性的角度上，這樣的行為也就是人性的展現而已。（更，是指佔便宜之事，非對媒體的行為），可以思考看看！，更：如果有證據可以證明他是自導自演想被酸想炒作新聞的 歡迎大家交流，我沒有看到 都看到新聞或社群的片面資訊而已
睡不著之理性分析鮭魚事件,2021/03/23,01:26:32,https://www.dcard.tw/f/trending/p/235606500,先說我的結論，最根本的原因就是貧富差距所導致的社會問題，不論改名的背後還有著千百種不同的理由，但終究還是為了免費的一餐。而至於這餐的價值是否能超越暫時放棄原本自己的名字，可能只有他自己才知道。（Will上身），如果當初的活動改成名字裡有鮭魚只免費送一盤的話，可能我現在已經睡著了吧...
黑五類憶舊連載(三),2021/03/23,11:36:05,https://www.dcard.tw/f/trending/p/235608062,四類分子是一個人數以千萬計，實際受影響人口超過1億人的龐大社會群體，是一個從1949年到1984年在中國政治生活中活生生存在了35年的特殊社會階層。，四類分子當中，人數最多的是地主、富農。這兩類人的界定相對比較明確。但是由於土改從土地革命戰爭到20世紀50年代持續了20多年，各地的土地改革政策和標準差異非常大，實際上也沒有統一的劃分標準。，全國到底有多少地主富農，筆者只見兩份權威數據。一是國家統計局1952年土改前的數據，該數據顯示，地主佔總人口4.75%，富農佔4.66%，兩者合計佔9.41%。另一個是根據1954年23個省、自治區1.5萬多戶農家收支調查資料得出的數據，土改結束後地主階級佔總人口2.6%，富農階級佔5.3%，兩者合計佔7.9%。，中國各地土地佔有情況相差比較大，一些地區土地分配比較均勻，因此地主富農也不多。以陝西省關中地區為例，地主佔有的土地約為總土地量的4-5％，富農佔有的土地約為10％，遠遠達不到全國平均水平。這種地方後來被認為是土地改革不徹底，又人為製造出一大批地主富農。四清運動中硬套「地主、富農約佔農村總戶數8%」的框框，補定了一大批「漏網地主、富農」。四清的重點地區陝西省長安縣，補定的地主、富農戶數比土改時增加了1.2倍。凡補定為地主、富農的戶，多餘的房屋和其他財產一律沒收。這些補定的地主、富農，其實絕大多數是小土地出租者、上中農，有些還是中農。，反革命分為現行反革命與歷史反革命。1951年《中華人民共和國懲治反革命條例》中列舉的反革命罪行如下：勾結帝國主義背叛祖國；策動、勾引、收買公職人員、武裝部隊或民兵進行叛變、持械聚眾叛亂的主謀者、指揮者及其他罪惡重大者；間諜或資敵行為者；參加反革命特務或間諜組織；利用封建會門，進行反革命活動者；以反革命為目的，策謀或執行破環、殺害行為；以反革命為目的，有挑撥、煽惑行為；以反革命為目的偷越國境者；聚眾劫獄或暴動越獄，其組織者、主謀者、積極參加者；窩藏、包庇反革命罪犯者。，1952年《管制反革命分子暫行辦法》列舉的是歷史反革命罪：反革命特務分子；反動黨團骨幹分子；反動會道門頭子；堅持反動立場之地主分子；堅持反動立場之蔣偽軍政官吏；其他應予管制的反革命分子。由此可以比較清楚地瞭解歷史反革命分子的內含。，關於壞分子的界定，雖然國務院在一個文件中曾經規定壞分子指政治騙子、叛變分子、流氓分子，但是政治騙子、叛變分子可能更多是歸入反革命之列，而流氓分子又是一個很難認定的標準。還有一種半官方的定義，殘餘反革命分子外的流氓、盜竊、縱火、凶殺、搶劫、詐騙、強姦犯以及那些嚴重違法亂紀和破壞公共秩序的罪犯，通稱為壞分子。，有的犯罪者的家屬也被當成四類分子看待。1957年福建省光澤縣因為鄉幹部貪污，引發一場騷亂。政法部門捕判了39名「鬧事」群眾，判處有期徒刑6人（2人在服刑期間死亡），判處管制2人，另有1人自殺。這些人在政治上和經濟上都受到慘重損失，家屬子女也受到株連，被作為四類分子看待，不分給自留地，勞動不能同工同酬，子女不能上中學、升大學，更不能參軍、招工、招干（此案於1962年平反）。，許多地區對四類分子的劃定相當隨意，一些人莫名其妙地成為四類分子。河北省三河縣1979年全縣1194名四類分子中，無合法手續宣布無效的473人，佔當年四類分子總數的41.17%。1959年淄博市一公社被錯劃為五類分子的竟超過實際五類分子人數的3倍多。被錯劃的多數是五類分子的家屬、子弟，有的把有小偷小摸行為和愛發牢騷、講怪話、頂撞基層幹部的人劃成壞分子，有的把一般有政治歷史問題的人錯劃為反革命分子。有的地方對四類分子劃分縣管制、區管制、村管制，70%以上的四類分子是屬於村管制。由此可見，劃定四類分子的權力相當大一部分在基層幹部手中。　　，從一些地方志中公布的資料來看，當年的公安部門是有四類分子數量統計的。不過這些數據很不理想，一是只統計被管制的，沒有統計那些沒有被管制的，二是當年的統計是在不同年代的政治背景下做出的，數量波動很大。不同時期四類分子的數量大不相同。大躍進與文革期間的數量就比較大。，官方資料稱，中國曾經存在過2000多萬名四類分子，但是沒有說明這一數據是否包括所有曾經被冤枉成四類分子的人。據統計，1977年底全國尚有地主分子279.7萬人，富農分子189.5萬人，合計469.2萬人。由此推斷，1500萬以上的四類分子在1979年以前已經消失，可能是死亡，也可能是平反或者摘帽。不過從局部地區的資料來推算，曾經存在過的形形色色四類分子很可能不止2000多萬。以山東省聊城地區為例，1956年有四類分子102772人，1978年被評審的四類分子只剩下14923人，1978年的人數隻相當於1956年的14.52%。，實際上無法真正搞清楚四類分子的數量。1958-1961年間，上海、浙江、遼寧、甘肅、寧夏5個省市自治區錯劃四類分子1.48萬人，漏劃1.03萬人。以此推算，全國錯漏的四類分子應當有數十萬人。這還是根據當年的標準發現的錯漏，如果按後來的標準，錯漏的數量可能更大。在文革中期的1972-1973年，福建省糾正錯管四類分子5587人，佔四類分子總數的4%。在當年的政治環境下，錯管的比例如此之高，不難推測四類分子當中有相當多是冤枉的。即使在1983年全國最後的79504名四類分子中，仍有982人被搞錯。1979年3月24日，廊坊地區共有四類分子14250名，經群眾評審，摘帽的有5984人，因無法律手續，宣布無效的有7247人，糾正錯定、錯戴帽子的有904人，繼續戴帽的115人。雲南省中甸縣1958年全縣五類分子2565人，佔總人口3.99%，1959年查實後為1396人。一年之間，數量相差近一倍。，四類分子牽連的人數有多少更加難以估算。根據局部資料推算，數量是相當驚人的。天津市武清縣原有四類分子5221人，1979年時地富家庭出身的成年子女有18942人，地富子女的子女10204人，後兩種人相當於四類分子的5.58倍。雲南省中甸縣1979年給542名地主富農摘帽，同時把地主富農子女2079人和地主富農子女的子女1715人改變成分為社員。子輩和孫輩是地主富農人數的7倍。如果考慮到反革命分子與壞分子當中有相當一部分人不是地主富農出身，這部分人的子女實際上也受到歧視牽連的話，估計受四類分子影響的人數大體上在四類分子總數的5-6倍之間。如果從中國的家庭規模在4-5人左右計算，四類分子直接影響其配偶和子女在3-4人之間，加上其孫輩人數，也可以推算受四類分子影響的人數大體上是四類分子總數的5-6倍。以有2000多萬四類分子計算，受牽連的人口超過1億，佔總人口的15%。，四類分子的構成可以從兩方面討論：一是四類分子的內部構成，也就是地主、富農、反革命、壞分子、右派各佔多少；二是不同地區四類分子佔的比重，有城鄉的差別，也有不同行政區的差別。關於四類分子的內部構成比例，缺乏全國性的數據，無法準確得知。1983年全國剩餘的79504名四類分子當中，地主佔35.50%，富農佔18.04%，反革命佔20.45%，壞分子佔26.00%。1983年時，四類分子中剩下的地主、富農比重可能相對低一些，反革命分子、壞分子的比重會相對高一些。，筆者根據各地一些零星資料估計，四類分子的內部結構大體上是地主佔35-45%，富農佔30-40%，反革命佔10-15%，壞分子佔5-10%。這一比重有待今後國家檔案資料公布才可能核實。城鄉之間的四類分子構成也有所不同，農村地主富農佔的比重高，城市則是反革命與壞分子佔的比重高。， ，紅、黑五類和中間類   作者 李氏，文革前高校中有一定數量的黑五類子女，也有數量相對多的紅五類（革命軍人、革命幹部、工人、貧下中農）子女，還有中間類（教師、銀行職員、中農、城市貧民等）子女。，紅衛兵組織成立之初，嚴格審查參加者，黑五類子女不能參加任何紅衛兵組織，紅五類子女政治態度和表現有問題的也不能參加。支持某派紅衛兵組織的黑五類子女可以在該組織認可下成立外圍組織。哪個紅衛兵組織接納了黑五類子女，那就是授人以柄。中間類子女是否能參加某派紅衛兵組織，主要看本人的態度和人緣，有的教師子女也能成為基層紅衛兵組織首領並被結合進革委會。，文革中除了造反派、革命派、保皇派、保守派之外，還有逍遙派。逍遙派起初是指所有群眾組織都不參而游離在運動之外的人。他們一般不會受到打擊迫害，但會受到衝擊。有時他們需要對某事表態，表態不合人意就可能被批評教育，但一般不會被武鬥。後來隨著運動的深入，逍遙派變為對文革運動不再如初期那樣關注和積極參與的所有人的統稱。，不少黑五類子女和中間類子女始終都自覺不做或不得不做逍遙派，因而他們直接因文革出事的也相對較少。絕大多數紅五類子女文革之初都要義不容辭地站在鬥爭第一線（並非全都出自本心)，所以付出最大代價的還是他們。，每個紅衛兵組織都有自己的作戰部，有作戰部部長及常備的總部武裝保衛人員等少量武裝骨幹。這些人必要時是直接上「戰場」的。黑五類子女絕對不能直接上武鬥戰場，否則，就要出階級報復的大是大非問題。因此，大多數武鬥戰場上雙方陣亡者都不會是黑五類子女。，文革前，無論哪一類子弟，家中條件差的都能享受助學金。文革之初工作組進校，一個身為團支部書記的革命幹部子弟率先造班級輔導員老師的反。該老師被關進牛棚後，這位幹部子弟貼出大字報，勒令本班黑五類子女不得與紅五類子女享受同樣的經濟補助，不多久卻傳來他本人的家長就是走資派，已被關進牛棚的消息。，文革中一度時興改掉自己帶有四舊色彩的名字，校園裡常見「改名聲明」的大字報：今鄭重聲明，將本人帶有某某色彩的名字「某某貴」改為「某衛東」，「某某富」改為「某衛彪」，諸如此類。一位本不姓毛的黑五類同學，鄭重申明自己改名毛為民，結果招來一陣痛罵，說你黑五類子女怎配與偉大領袖同姓，不許改姓。這位黑五類也挺有骨氣，任憑風浪起，穩坐釣魚船，寫大字報全用毛為民署名。他的大字報緊跟形勢，沒什麼大錯，反對他改姓的紅五類氣得跳腳，可也拿他沒辦法（只是常在他的署名下加批注泄憤）。不過，這些改名的同學，到分配工作時還都是用父母親所賜的名字，「毛為民」同學也一樣。，在我校，有紅五類子女代表無產階級來專紅五類子女政的，也有黑五類子女代表無產階級來專紅五類子女政的，還有黑五類子女代表無產階級來專黑五類子女政的。這種群眾專政時間都不算很長。疾風暴雨之後，我們班上黑五類、紅五類和中間類同學們都還是相安無事，而且還增加了幾分客氣。所以，至少在我們那裡，不能說文革中紅五類子女都怎樣怎樣造孽，黑五類子女又都如何如何遭殃。除了有名的學生領袖和直接的殺人凶手，那些有各種問題的絕大多數學生後來並未受到刑事懲處，而是做過思想檢查後各奔前程。在武鬥中十足展現個人人性惡的個別學生，如將彭德懷揪到學校坐車遊街示眾，打老人耳光，又用腳將其從卡車上踹下來，致使老人摔倒在地的某紅五類同學，此後是很難再融入自己的同學群體中了，也羞於再回母校。， ，被遺忘的族群  作者 林賢治，　　，幾年前，我曾問過中山大學歷史系一位青年教師：「什麼叫‘可以教育好的子女’？」他瞠乎不知所答。從那時候起，我便起意要做一部關於這類子女的書，讓人們記住在中華人民共和國的歷史上曾經有過的這樣一個龐大並被遺忘的族群，藉以瞭解一個已然逝去或正在逝去的時代。，從1949年起，經歷過多次政治運動，積累了一批又一批階級敵人和階級異己分子。這些人各有名目，後來不知是哪一位天才發明瞭黑五類一詞，簡明易記，又富含階級感情色彩，於是，人們也就樂於使用。至1979年，宣告階級不復存在，這時黑五類已經繁衍了好幾代人了。我未曾見過有關全國黑五類子女的統計數字，但推算起來是龐大驚人的。作為一個偶合群體，他們並沒有任何組織上的聯繫，三十年間一直處在一種自我封閉、互相隔離的狀態。今天看來，其實只是一個「記憶共同體」而已。惟有記憶存在，共同體才有可能存在，雖然是虛幻的存在；但當記憶喪失，整個群體就將長此消亡。名為群體，實不見群體的存在，這種狀況，大約只有物理學中「蒸發」一詞差堪比擬。，在漫長的三十年間，黑五類子女一開始就不得不進入一個對他們來說充滿歧視和不公的世界。他們是在不斷認識自己的身份的危險性，從而不斷地放棄自己和防備他人中成長的。他們必須承認現存的秩序，學習與這個秩序和平共處，學會順從。所以，他們每個人的內心過程，都是一個粗暴的摧毀性過程。文革結束以後情況如何呢？受歧視的生活是一種不可逆的、最終有效的、貫穿一生的生活。只要被侮辱被損害的創痛楔子般進入生活，就進入了內心。雖然種種大事件或小事情都已成為過去，痕跡無存，甚至連記憶也變得一片空無，然而，那些曾經發生的帶有情緒創傷的體驗早已成為生命的有機部分，成為他們的天性，成為永恆。，在我所認識的眾多這類子女中，除了極少數較為開朗豁達，願意跟人們交談來往，大多數則形成內傾性格，自卑、畏葸、被動，沉默寡言，離群索居。他們敏感於周圍細小的變化，對世上的人們，包括自己在內，多抱一種不信任感。明顯地，有一種宿命的悲觀色彩籠罩其間。2002年諾貝爾文學獎獲得者、匈牙利作家凱爾泰斯的小說《無命運的人》寫到集中營世界的倖存者柯韋什的內心感受時，有這樣一段話：「新的生活——我認為——只有在我重新誕生或是我的大腦出了問題、患了病時才有可能開始，……我們決不可能開始新的生活，我們永遠只能繼續把舊的生活過下去。」讀罷除了感嘆唏噓，實在無話可說！，我們中的任何一個人，都不能說與這麼多帶著他們的屈辱和創傷生活在我們身邊的黑五類子女沒有關聯。即使我們不曾直接向他們施以暴力和凌侮，那麼，我們有沒有阻止過加害於他們的事情？有沒有拒絕過他們在曠野中的呼告？如果沒有，今天，當我們回首往事的時候，我們還能夠像以往一貫的那樣心安理得而不感到羞恥嗎？，如何處理歷史留給我們的這份精神遺產，成了時代的考驗。，如果說我們需要歷史的話，就因為我們可以從過去的影像中重新發現自己，認識自己。歷史首先意味著還原真實。但是，清除了個人記憶，惟以制度文物和公共事件構成的歷史肯定是殘缺不全的，不真實的。魯迅所以說中國的二十四史是帝王將相的家譜，就因為史官單一地從帝王的視點出發，忽略了更廣大的人群，尤其忽略他們的精神狀況。在我們的歷史讀物當中，應當有更多的傳記、自傳、回憶錄，更多的個人關係史、遷流史、生活史、心態史，等等。必須有私人性、精神性的內容對歷史的補充。惟有把我們每一個人的創傷記憶儘可能地發掘出來，並且形成對於人道主義、社會公正的普遍的訴求，包括文革在內的民族苦難的歷史才能轉化成為有意義的歷史。，剛剛逝世的波蘭裔詩人米沃什曾經援引威爾斯在《時間機器》中描繪的圖景：地球上一個叫作「白天之子」的部族，他們無憂無慮、沒有記憶，當然也就沒有歷史；結果，在遭到地下洞穴中的居民、食人肉的「黑夜之子」時，完全失去抵抗。失去記憶的族群，注定要受到時間的懲罰。可是，在黑五類子女作為一個社會群體在生活中被抹去以後，我並不曾看到遺下的關於它的存在的記憶。，歷史不可能為沉默的人們作證。說，還是不說？於是成了問題。，關於納粹大屠殺的歷史，我注意到，無論是納粹的子女，還是猶太人中的倖存者，都有兩種截然不同的態度：一種是努力說出事實真相，一種則始終保持沉默。其實，這兩種態度在黑五類子女中同樣存在。不同的民族歷史當然不可一概而論，不過，那種近乎「生而有罪」的困境，對於不同國度的青少年來說倒是頗為相似的。，為了履行內心的承諾，去年春節，我曾特意帶上一部小錄音機，打算借回鄉的機會，採訪村裡熟識的地富子女。頭一個被訪者是一個曾經改嫁的農婦，她因為害怕留下自己的聲音，要求把小匣子撤掉，然後訴說她的故事。意外的碰壁，使工作的熱情頗受影響，加上別的事情的壓迫，計畫便擱置了起來，直到年前，才使我在一種追悔的心情中重下了組織書稿的決心。，經過大半年時間，星散於全國各地的認識的或不認識的作者，斷斷續續地，總算把他們的聲音匯聚到這裡了。欣慰之餘，頓然生出一種焦慮——對此，世上可有願意傾聽的人？，補白：對於不少黑五類子女來說，與家庭脫離關係是當年擺脫政治歧視的唯一途徑。這種行為造成的傷害，多年之後漸漸露出血痕。著名文學批評家孫郁曾說道：「我不願意回憶那一段歷史，還有著悔愧感在起作用。說出來是一種折磨。我三歲的時候，父親因反革命罪被發配到農場。為了劃清階級界限，我改了姓名。我還記得老師宣布我更名的情形，那一刻，我好像一下子解放了。」， ，来源//www.secretchina.com/news/b5/2010/09/25/369606.html
壽司郎在日本是什麼等級？老饕揭「殘酷真相」：真的很難,2021/03/23,14:12:05,https://www.dcard.tw/f/trending/p/235609050,https//i.imgur.com/0NVCArK.jpg，可能對日本人而言，壽司郎大概等於鬍鬚張，所以改名鮭魚活動可能就類似，有一天鬍鬚張推出，「名字有鬍鬚的免費吃滷肉飯」，然後一堆人一窩蜂改名鬍鬚，日本人感到不可置信
「張鮭魚之夢」遭爆放鳥網紅 客人曝：自付8600元,2021/03/23,15:03:30,https://www.dcard.tw/f/trending/p/235609373,https://i.imgur.com/OFiyY7N.jpg，為了免費吃壽司郎改名「張鮭魚之夢」的中國醫藥大學張姓男大生，連日來不斷被起底愛貪小便宜的黑歷史，引起眾人關注。又有網友爆料，因店家發現張男到處詢問現場客人，願不願意付他400元，用他的身分證結帳，因此拒絕讓他們再使用優惠，而且原本被湊桌的人因結帳時苦等不到張男，最後只好自付8600元鉅額費用。，YouTuber「陳岳揚 Reezy」19日PO影片提到，在壽司郎巧遇張鮭魚之夢，因此現場湊桌一起吃壽司，但有網友爆料，張男因繼續在店內到處詢問其他客人，願不願意付他400元，用他的身分證結帳，由於張男的行徑誇張，被店家發現後拒絕讓其他消費者再使用免費優惠。，這名自稱「下一攤」的網友在陳岳揚影片底下留言爆料，因為張男逐桌詢問要不要付400元使用「免費優惠」，店家最後只好說「沒辦法再使用」，結果導致一開始與張男湊桌的YouTuber陳岳揚一行人反而沒用到優惠。，而且爆料者指出，當時張男指稱在別店還有另一個鮭魚團，所以要陳岳揚等人等他半小時，不料一行人苦等了2小時後，還是不見張男人影，最後只好無奈自掏腰包付掉8600元。，不過陳岳揚自己又在底下回應，「我們這桌有用到，用完後不久，店家就不收他身分證了」。由於陳岳揚與爆料者說法不同，有網友敲碗要求陳岳揚再拍續集，把事實真相交代清楚，痛批如果真的被放鳥，張鮭魚之夢就太過分了。https://www.chinatimes.com/amp/realtimenews/20210323003039-260405
改名「鮭魚」之亂誰獲益？,2021/03/23,17:06:19,https://www.dcard.tw/f/trending/p/235610153,https//tw.appledaily.com/forum/20210321/EBMKNMZSQNHAJGNVDYSF3V6IPE/
鮭魚思考法還蠻有用的,2021/03/23,18:19:07,https://www.dcard.tw/f/trending/p/235610620,https://youtu.be/8iopEfM-r1g
「鮭魚之亂 」的隱憂 反啟蒙世代 娛樂至死,2021/03/23,18:30:05,https://www.dcard.tw/f/trending/p/235610681,邱天助／世新大學客座教授，最近，「鮭魚之亂」引起許多爭論與非議。反對者認為，只為吃鮭魚壽司就輕易改名，這種貪小便宜的舉動，不但拉低了「台灣價值」，讓日本人取笑，甚至指責這種貪婪的行徑簡直是「台灣之恥」。，https//udn.com/news/story/7339/5336256
鮭魚之亂與水荒：低成本的背後，吃虧的到底是誰？,2021/03/23,21:00:00,https://www.dcard.tw/f/trending/p/235611654,還在貪小便宜嗎？，這篇真的很重要，增加社會成本的行為一點都不有趣。，文章還提到水費、電費的例子，中產階級浪費水電資源間接產生的整個經濟體運作上的惡性循環，再再不容小覷。，原文出處：https://opinion.cw.com.tw/blog/profile/332/article/10621?utm_source=fb_cw&utm_medium=affiliate&utm_campaign=fb_cw-affiliate-daily，我覺得最近的鮭魚之亂或鮭魚之夢一點都不好笑。當大家覺得「這些年輕人」很誇張的時候，就又陷入一種單純指責不看問題的窠臼。改名對改名者的成本這麼低，不但賺大餐又賺噱頭，沒有人改才奇怪。你說年輕人很閒。但是你不知道青年失業率比較高，就算沒失業也是普遍低薪嗎？所以他們的時間真的比較便宜。這些你都不知道嗎？，但是改一次名，要花戶政人員半小時時間處理。就算是忽略戶政系統的建置成本，也算算請一個戶政人員的成本吧。這種社會邊際成本大於個人的邊際成本的情況，最簡單的方法就是改名必須使用者付費。（報戶口不用，因為那是每個人都有的第一次。）。然後內政部說，改的人不多，所以不打算修條例。有沒有一點常識？此例一開，今天只是鮭魚跟鮪魚而已。要等之後和牛、燒臘、烤鴨、漢堡、啤酒有的沒有的都出來之後才會修條例？看到那個把一大堆食物都寫到名字裡面的，我覺得他有先見之明。，中產補貼大戶浪費水電，台灣什麼東西只要是公家提供的就必須很便宜。這禍害很大。沒有什麼東西是免費的。有人因為便宜爽到的時候，正有人在幫你付錢。台灣的水費電費都無比便宜的後果是什麼？，窮的人不管水費電費再怎麼便宜，也是會省用。稍微有錢的人，面對便宜的水電就是盡量用。夏天的時候看那些冷氣開20度，整天吹的人就知道了。但是當水電費用都低於供應成本的時候，那個價差都是納稅人在支應的。所以，構成了一種窮人省水電、中產者補貼有錢大戶讓他們去浪費的奇怪狀況。這種財富逆重分配真是行之多年好棒棒，連政府過去要漲電價的時候，一大堆中產還出來抗議，殊不知這可以讓他們少些稅務負擔，或者多些比較有營養的公共設施與服務。人愚蠢樂於自殘，還被政客耍得團團轉，莫此為甚。，以上的論點尚未提到用水用電背後的環境成本，這些本來就是應該需要去課稅彌補並抑制用量的。針對外部性課稅不只是基本的經濟學原理，也是許多國家行之有年的制度。針對外部性的稅，基本上構成台灣油價與他國油價的價差。，最少，我們應該尊重使用者付費原則，台灣最近用水又告急，然後看到一些政黨，又在說針對用水大戶課較高的水價。我說幫幫忙，不用把問題想得這麼複雜，又搞成是一個仇富運動。現在是水價低於成本，中產補貼大戶。如果你把水價定成高於成本，不就反過來變成大戶補貼政府稅收，間接補貼中產與窮人，且有益環境？何必搞複雜的差別定價，然後在那個差別定價上討價還價？，最少最少，要尊重使用者付費的原則，對於中低收入戶水電負擔加重的部分，就估算加重的上限，提高中低收入戶的福利補助。
要改名鮭魚嗎？,2021/03/24,03:30:21,https://www.dcard.tw/f/trending/p/235614199,最近壽司郎有推免費活動，只要在3/17、18兩天改名成鮭魚兩字，就能爸媽兄弟姐妹伯伯叔叔阿姨奶奶姑姑爺爺隔壁老王一起吃壽司不用錢，我好猶豫 不知道要不要改，聽說很多人都改成鮭魚了，但是我想改成魚鮭，這樣比較好聽，反正他們也沒說不能 同字就好，或者，改魚圭就好，你看 有鮭又有魚  我真聰明，好啦，不開玩笑了，我要去小雞上工找鮭魚
鮭魚之夢昨天有來上課嗎,2021/03/24,12:55:34,https://www.dcard.tw/f/trending/p/235615740,https//i.imgur.com/0SDmR4c.jpg，https://www.chinatimes.com/amp/realtimenews/20210323006350-260405，其實大家真的很關心鮭魚之夢（棒讀），如果不是有名（棒讀），你說你叫張鮭魚鱈魚鮑魚，我才懶得裡你（棒讀）
獨家 張鮭魚之夢不忍了 抖出用餐同學名 要漢來海港、福勝亭道歉！,2021/03/24,13:34:32,https://www.dcard.tw/f/trending/p/235615997,記者游瓊華／台中報導，https//i.imgur.com/p6kGinf.jpg，張鮭魚之夢憤怒地說，「我的名字已經被公布出來，沒差！但大家的名字、餐廳的名字還沒有！媒體通通公布出來，讓民眾知道，這些餐廳有多惡劣，員工做了多少事情，要求總公司出面聯絡、道歉賠償。」，張鮭魚之夢認為，網路上的爆料源頭來自一起用餐的同學，但媒體都只寫他的名字，沒有寫同學名字是不對的。此外，鮭魚之夢也提到，關於他狂吃高麗菜、吃到飽餐廳吃飯的事情只有餐廳員工知道，這兩家餐廳分別是福勝亭及漢來海港，餐廳放任員工講消費者壞話，媒體應公布餐廳名字，讓總公司檢討這些員工，也要求福勝亭、漢來海港餐廳出面道歉、賠償他。，另外，3月22日張鮭魚之夢曾致電《ETtoday新聞雲》詢問，自己到底有無被壽司郎提告，希望記者幫他向總公司釐清，隨後又透露自己一早就去上課，還被教授點名，全班都在嘲笑他，讓他覺得很丟臉，教授甚至要求他離開教室，他只能趴著上課，但幾個小時之後，鮭魚之夢又向其他媒體供稱自己根本沒受訪，《ETtoday新聞雲》反問為何說法反覆？對此，張鮭魚之夢不斷跳針地說，這個問題先不要管、這些已經不重要了！https://www.google.com/amp/s/www.ettoday.net/amp/amp_news.php7%3fnews_id=1945302
獨／張鮭魚之夢不忍了！抖出用餐同學名　要漢來海港、福勝亭道歉,2021/03/24,15:53:48,https://www.dcard.tw/f/trending/p/235616813,原文網址: 獨／張鮭魚之夢不忍了！抖出用餐同學名　要漢來海港、福勝亭道歉 | ETtoday生活新聞 | ETtoday新聞雲 ，來源//www.ettoday.net/news/20210324/1945302.htm#ixzz6q0uPwi2N，Follow us: @ETtodaynet on Twitter | ETtoday on Facebook，鮭魚潮已經退潮了，就你這隻最有事，就是要有人請他吃飯他就不會繼續鬧下去
汝非鮭 安知鮭之樂？汝非之夢 安知之夢之爽？,2021/03/24,16:57:34,https://www.dcard.tw/f/trending/p/235617241,● 鍾文榮／科普經濟學作家、資深產業分析師，https//forum.ettoday.net/amp/amp_news.php7?news_id=1944028&from=amp_news
遁地「忍者龜」的幽暗危機：下水道工安事故增多，誰來重視？,2021/03/24,21:21:28,https://www.dcard.tw/f/trending/p/235619010,"去年（2020）12月1日，高雄市鹽埕區大公路發生汙水下水道清淤工程重大工安意外，兩名施工人員吸入有毒氣體後送醫不治。事隔不到一週，12月7日，新竹市北區東大路二段汙水下水道接管工程再爆意外，一名施工人員遭土堆掩埋，搶救無效。，長期以來，社會多關注建築工程業的工安意外，而這群長期遁地於下水道陰暗環境的「忍者龜」，其工安環境與勞動條件，卻鮮為人知。，正午時分，路上的行車在高雄市鹽埕區大公路上來去匆匆。輪胎緩緩駛過一塊汙水下水道人孔蓋，蓋子的周圍還有剛鋪上柏油的痕跡。一個多月前，此處的汙水下水道清淤工程，才剛帶走兩條人命，嶄新的柏油也抺不去這項重大工安意外的傷痛記憶。，「我印象中，當時機器還開著，水溝蓋也打開，蓋子旁邊放了3、4個三角錐，但都沒有看到人。」，華山文教基金會位於施工地點正前方，一名不願具名的員工回憶起當時的情況，仍餘悸猶存。附近銀樓的楊小姐也表示，出事當天晚上7、8點，一直聽到機器轟轟作響的聲音，且不時聞到陣陣惡臭、刺鼻的沼氣味。不久後，她便看到警消人員前來進行救援工作。，短短一週，3名工人喪於下水道工安意外，去年12月1日發生的這起重大工安意外，兩名施工人員因吸入有毒氣體，雙雙昏迷在坑洞內。警消發現後救出，仍送醫不治。，承包這項工程的「全基企業」，登記地址位於高雄市大寮工業區內。我們來到大寮工業區，一間間鐵皮工廠傳來斷斷續續的機具聲，每間廠房上頭都用油漆寫著斗大的公司名稱。然而，其中一間廠房，卻用深藍色的油漆抹去招牌上的原有名字，而停靠在廠內的工程車上，寫著「全基企業」四個字。，根據該廠房不願具名的中年員工說，去年底發生下水道工安意外後，公司為此進行改名，這間「全基企業」變成了「鎮海科技有限公司」，原有公司名字就此消失，只有廠內工程車還留著歷史記憶。，「不曉得他們二人為什麼要跑下去，」這名中年員工語氣中，混雜著感傷與無奈。話說完，便繼續隻身在豔陽下工作。，一個星期之後，12月7日，新竹市北區東大路二段的汙水下水道接管工程，一名施工人員遭土堆掩埋，雖經警消3個多小時搶救、挖掘深度達3.6公尺，但發現該名施工人員時，已無生命跡象。，然而，新竹市工安意外發生後，負責施工的承包商力禾公司負責人竟然落跑失蹤，導致罹難者的家屬暫時求償無門。，台灣有許多必須鑽入下水道施工的「忍者龜」們，他們胸部及背部的螢光黃色背心形成保護色，長期身處陰暗環境中進行地底下戰鬥，黑暗中卻暗藏許多可能爆發的工安危機。，去年全台11起事故，超越以往平均，2020年全台共發生11件下水道工程工安事故，超越以往的平均數值。（攝影／房荷庭），2020年全台共發生11件下水道工程工安事故，超越以往的平均數值。（攝影／房荷庭），回顧2007年至2020年度營造業重大職災案例，其中下水道工程的職災案例總計有61件，平均每年發生約4～5件。內政部營建署近期召開的下水道工安會議更指出，2020年全台共發生11件下水道工程工安事故，超越以往的平均數值。，資料顯示，下水道工程發生災害類型包括物體飛落、倒塌崩塌、被撞、與危害物質接觸及爆炸等。而2020年11件的下水道工安意外中，又以倒塌崩塌及與危害物質接觸為主要類型。，根據《106～108年下水道工程職災彙編》資料統計發現，下水道工程事故頻繁發生的時間點，經常為傍晚下班時間。內政部營建署下水道工程處三課工程司孫肇駿推測，可能源自勞工工作一整天，容易感到疲憊、又急著完成工程，或是熱危害等因素造成。，汙水下水道建設是現代化城市的必要基礎建設，並已成為先進國家的指標。我國從1992年起，每6年推動一期下水道建設計畫。根據營建署最新的下水道第六期計畫，政府每年投入下水道的經費逐期增加，第六期經費更高達千億，平均每年有超過400件下水道工程，地點分布全台。，隨著政府對汙水下水道建設的重視，新建工程與維護工程的數量愈來愈多，發生職災意外的事故卻也隨之增加。，下水道工程因為在局限的空間中施作，與其他營造業工程相比，危險性偏高。台灣大學環境工程學研究所副教授林進榮表示，局限空間通常指「密閉空間」或「部分開放、且自然通風不足的空間」。相較於其他營造業工程，下水道工程多屬於局限空間作業，空氣較為不流通，因此容易發生缺氧、吸入有毒氣體如硫化氫、甲烷氣等，甚至是物體飛落等危害。同時，當危險發生時，因受到空間限制，也會造成救援上的困難。，下水道工安意外頻傳的同時，這些基層施工人員的職業安全意識，是否有隨之提升？勞動力背後的職安訓練，又該由誰來負責、誰來重視？，職安訓練辦了、SOP也定了，為何無法落實？，高雄市水利局勞安室主任蔡育龍表示，歷年的下水道工安意外，大部分都是因為下水道施工人員在局限空間作業，未實施通風換氣，也未實施偵測人孔內的有毒氣體或氧氣濃度，使得意外發生。，根據《缺氧症預防規則》，當勞工從事缺氧危險作業時，應針對工程現場進行換氣，且必須有「缺氧作業主管」在現場進行監督。「一個工人下去，另一個工人發現不對勁，也跟著下去，悲劇就發生了，」蔡育龍說，去年12月大公路這件工程在路面上用管線進行清淤即可，不須下去下水道，發生意外顯示工程現場的職安措施並未落實，且施工人員對於救援的安全意識也不足。，未遵守相關職安管理計畫的情形，同樣也發生在新竹北區的下水道工安意外。孫肇駿指出，當時工程現場開挖深度超過3公尺，承包商在開挖過程中，未依規定設置擋土措施，導致土石崩落意外。依現行的營造安全衛生設施標準規定，開挖深度大於1.5公尺時，應設置擋土設施，且須由專任工程人員簽核後，才得以施作。，孫肇駿表示，目前內政部營建署對於下水道工程，已制定下水道局限空間（缺氧危險）工作井出入坑標準作業流程，並製作相關宣導影片及職災案例彙編等資料，供現場第一線人員教育訓練與宣導使用。蔡育龍則以高雄市舉例，2020年高雄市水利局舉辦6場地下水道出入坑作業職安演練，以及15場的員工及承商、監造職安教育訓練。他強調，一定會在職安訓練中，教導承辦及施工人員，進行職安宣導。，中央與地方政府皆對高危險性的下水道工程，制定了相關的安全作業流程。看似完善的職安宣導與訓練規劃，卻無法阻止下水道工程失事意外。，走入施工現場，監工這麼說⋯⋯，忍者龜、下水道、工安，下水道施工人員必須面對骯髒的環境，以及操作繁複的機器設備，從業者逐漸出現世代斷層（圖非文中受訪者）。 （攝影／鄭宇辰），我們實際走入下水道工程現場。台北市萬華區某巷弄內，正在進行汙水下水道用戶接管工程，挖土機的陣陣轟鳴聲，貫徹整條巷子。阿傑（化名）進入工程公司擔任監工已經8年，正在展開例行的監工工作。環顧四周，當時下起毛毛細雨，泥濘的水坑和爛土四散各處，地上擺放著橘紅色汙水管。現場4名施工人員，身上都沾染水泥和爛土等汙漬。然而，穿戴安全帽與反光背心者，僅有1人。，問起阿傑關於職安訓練的問題時，他思考了一會後說：「其實職安訓練不一定真的會做，要看工程大小，比如說捷運工程那種一定會上。」，同樣在工程公司擔任監工的吳冠穎表示，相比其他營造業，下水道工程因為地下環境複雜，所以現場會發生很多臨時狀況，這也是為何施工現場一定要有監工的原因，但他感慨表示：「我年資才半年，很多老師傅不聽我的話。」，阿傑解釋說，在下水道工程施工時，愈熟練的人、愈覺得「這沒什麼」，常會以經驗老道為理由，忽略職安的重要性。，目前台灣從事下水道工程的施工人員，年齡層多半約落在50至60歲左右，也就是業界俗稱的「老師傅」。高雄市水利局汙水一科長張進二感嘆道，營造業面臨缺工危機，年輕人從事工程工作意願較低，人力斷層的問題逐漸浮現。，台大環境工程學研究所特聘教授駱尚廉指出，營造業施工危害風險高，下水道工程又多半在地表下施工，環境十分惡劣。台北市道路管線暨資訊中心主任陳宏銘也強調，施工人員必須面對骯髒的環境，以及操作繁複的機器設備，不然工作機會其實不少，只看個人願不願意做。，阿傑透露，通常下水道施工人員的工資是以「日」計價，一日工資大約落在2,000至3,000元。從事下水道工程作業逾20年的龔先生說：「有廁所的地方，就有工作啊！」因為下水道工程，就是為了適當處理糞便流向。他坐在工地一旁感嘆：「我們就是靠天吃飯，一天不出門就沒錢賺。」他說自己一個月工作約26天，幾乎全台各地的下水道工程都做過，端看哪裡有工程，就往哪裡跑。，職災保險新法，欲補臨時工權益漏洞，根據《勞工保險條例》規定，目前聘雇達5人的公司行號，皆須強制納保，然而，此條例並未保障臨時與短暫受僱的僱員。他們一旦不幸發生職災事故，便難以向勞動部勞工保險局申請職業災害保險給付，生活可能因此陷入嚴峻的經濟困境。，為了改善臨時與短暫受僱的勞工權益，勞動部推動《勞工保險條例》與《職業災害勞工保護法》進行整合，提出《勞工職業災害保險及保護法》草案。整合後的新法最大的改變在於，新法將規範公司行號不論聘雇人數是否超過5人，均強制納保；更特別的是，臨時與短暫僱員均含括到「特別加保對象」當中，進而獲得保障。蔡育龍指出，目前政府要求，施工人員只要進入工地現場，承包商就須提供簽署進場名冊，確認勞工與雇主關係。，不過，究竟新法是否確實能保障所有勞工，仍有待觀察。阿傑說，據他觀察，許多施工人員經濟狀況較緊縮，加上薪資也談不上豐厚，繳錢納保形成負擔，因此也存在「為了省錢，不願納保」的狀況。對此，蔡育龍指出，少數臨時與短暫受僱的勞工，可能肩負金錢糾紛或是有案在身等變數，因而衍生不願納保的問題。 ，十餘年前，陳宏銘親眼目睹一件下水道工安意外事故。一名剛服完兵役的18歲青年，離開家鄉，來到外地打拼數月，在工地從小工開始做起，卻不幸被吊掛機具的滑輪砸傷致死，18歲的年輕生命在此劃下句點。當時這位青年並非正式僱員，仍處於試用階段。，回憶起這段往事，陳宏銘面露嚴肅地說：「你說人命無價？這是沒辦法的。」他說，若是不幸發生工安事故，導致施工人員喪命，雇主應負的民事賠償金額，通常介於600萬至1,200萬元之間。這樣的金錢賠償，遠抵不過一條寶貴生命。，如何強化雇主與勞工落實職安的意願？，當承包商強調優良的工程品質時，職業安全的重要性也應加強重視。雖已有相關法規，孫肇駿認為，工地現場的職業安全能否落實周全，大多時候仍端看老闆的良心。雇主應掌握施工人員的投保情形及健康狀況，施工現場也需準備安全設備，各個細節環環相扣，才能降低職災發生的風險。，內政部營建署下水道工程處三課工程司孫肇駿指出，工程安全與否，與承包商經營者重視職安的程度息息相關。（攝影／房荷庭），內政部營建署下水道工程處三課工程司孫肇駿指出，工程安全與否，與承包商經營者重視職安的程度息息相關。（攝影／房荷庭），若是不幸發生職災意外，雇主又有何責任？依照《勞動基準法》規定，一旦發生職業災害，雇主均應支付職業災害補償費用。且《勞動基準法》第59條則更詳細區分雇主對於職業災害勞工的補償類型，職災受害者可依所屬類型進行申請。，然而，工程意外發生後，不時出現承包商落跑的情況。對此，孫肇駿表示，工程招標時，主關機關會要求施工廠商繳納工程履約保證金，作為確保承包商能履約的保證。若不幸發生意外，主辦機關將扣押履約保證金，並向法院提告施工廠商負責人，及提請假扣押負責人的資產。，在這一行已是老鳥的龔先生語帶無奈地說：「做愈久，愈怕死。」他表示，自己剛入行時，對職業安全較不重視，有時甚至在缺乏完整防護下，直接進入施工現場；但是從事施工工作愈久，愈了解工程的危險，才逐漸重視防護措施。，曾有施工人員告訴陳宏銘：「我為什麼會當工人？就是不會讀書才來啊。」對此他認為，其實下水道工程專業性高，需要扭轉的是施工人員本身的自我認同，以及社會的刻板印象。因此陳宏銘建議將「工人」稱呼轉變為「技術士」，以增強施工人員的榮譽感。，「這一行很辛苦，他們願意來接管、做下水道工程，其實是在做功德，」駱尚廉說，每當他看到第一線施工人員，在高風險的環境中認真工作，感到十分佩服；他認為，《勞工職業災害保險及保護法》聊勝於無，應能使勞工獲得更妥善的保障。，台北規定以攝影機監控工程現場，成效仍待觀察，台北市大同區景星里延平北路三段的下水道工程現場，放置著台北市道路管線暨資訊中心所附設的攝影機，以監控現場施工情況。（攝影／房荷庭），台北市大同區景星里延平北路三段的下水道工程現場，放置著台北市道路管線暨資訊中心所附設的攝影機，以監控現場施工情況。（攝影／房荷庭），台北市大同區景星里延平北路三段一帶區域，正在興建下水道施工工程，可見穿戴反光背心及安全帽的施工人員，在街頭巷尾穿梭。現場監工吳冠穎說，景星里是台北市唯一尚未完整興建汙水下水道的區域，近期正在興建人孔作業工程，而工地一角，有一台攝影機正拍攝現場畫面。，同一時間，台北市道路管線暨資訊中心內，數十台電腦螢幕，正同步播放各個攝影機透過網路回傳的施工畫面。只要一出現狀況或違規，監督人員馬上與工地監工聯絡，要求改善。，自2015年起，台北市政府規定，凡是台北市的施工工地皆必須用專用攝影機記錄施工現場；道管中心也將工程區分為15至18個施工步驟，追蹤現場工程的進度，工地每20公尺架設一台攝影機，配合台北市道路管線暨資訊中心的同步管控，進行監督。陳宏銘說，在中心內的監測工作人員是「公司的眼睛」，而現場施工人員則是「手和腳」。，抽查、宣導、職安訓練，缺一不可，雖然《職業安全衛生設施規則》要求施工人員需要穿戴反光背心和安全帽，才能進入工地，實際上，仍有部分人員沒有做到。孫肇駿說，台灣氣候濕熱，下水道推進工程環境悶熱，導致施工人員排斥穿戴安全護具，認為會妨礙行動，從而忽略職業安全規範，提升工安危害發生的機率。，林進榮表示，可從過往事故報告中發現、歸納出事故容易發生的原因與因素。他以下水道工程的推進工法為例解釋，施工第一天和最後一天，發生事故機率最高。內政部營建署也針對下水道工程危害，提出下水道潛在危害之風險評估，將風險管理程序區分為風險辨識、風險評估、風險處置與風險監控4部分，也將風險值分為高、中、低度3級，讓施工人員可以對工程環境有基礎認知，進而防範。，孫肇駿指出，一名職業災害受害者背後，意味著一個家庭的破碎。為了防止悲劇發生，不論是政府或是勞工，皆須重視職安的重要性。對此，蔡育龍也強調，工地抽查、職安宣導與教育訓練三部分，是提升職業安全的關鍵，安全最重要，不怕一萬，只怕萬一，他嚴肅地說：「我多囉唆一點，多嚴格一點，說不定就能多救一條命。」，https//www.twreporter.org/a/sewerage-system-occupational-safety"
我 真愛 蔡英文 珍惜辣臺妹  我北大社工師 我挺蔡英文！至死方休 ！我大姐大耶 大哥算什麼 ！滾邊去 挺女權 讚！ 留言！分享 ！ 嘔嘔嘔,2021/03/25,11:07:12,https://www.dcard.tw/f/trending/p/235622199,蔡英文是人不是神辣，484，一句話，是非題，一個字，^^？，！是，！否，@@選一個，@@2選1，！但是她是辣臺妹辣，64歲了，明年不能用了，變法定老人了65歲，！我明年照挺！，跟你説，蔡英文我大姐大！，大哥算什麼，滾邊去，我相信蔡英文愛臺灣，！是真的，#至少我相信，！明年不挺，我發誓改名鮭魚度日至死，@@不然死亡筆記本拿來，我社工師，！我挺蔡英文，！蔡英文我愛您，！真愛，！4，補充，@@不是真愛聯盟護家盟那種真愛，！相信我，，再補充，噢噢噢噢，有人稱老人辣妹嗎偶爾，辣，我照稱辣臺妹，辣死我最好，！為什麼不行，@@為什麼
鮭勸夢哥耗子尾汁,2021/03/26,01:32:47,https://www.dcard.tw/f/trending/p/235627991,先來個網路新聞，https://www.google.com/amp/s/www.ettoday.net/amp/amp_news.php7%3fnews_id=1945302，1）要請記者幫忙，是否應該要先請記者吃個西堤屋馬？，2）自己犯的錯不敢被人說，這也太鮭，3）公佈其他人名字就像露了臉再打碼，對事情根本沒任何幫助，4）當所有車都逆向行駛，代表逆向的人其實是自己，別再硬撐啦鮭魚之夢，在醫治別人之前先把自己醫治好，加油好嗎，別再犯這樣子的聰明
有沒有德明牽拖藍頭的八卦啊？,2021/03/26,07:44:44,https://www.dcard.tw/f/trending/p/235628616,我這裡是有一些啦，也歡迎補充更多八卦，時事版多數時候，根據立場以及發文模式，應該只有兩個德明財經的藍頭而已，其中一個是應用外文系的，立場跟大紀元很像，反共不反中，https//www.dcard.tw/f/trending/p/232610794?cid=1A863C08-2BA6-40A2-A499-7F418ADA40E8，雖然不太會去其他文章留言，但是其實是個可以發超長留言，跟你辯到底的人，例如這篇就是他之前大戰的紀錄，https://www.dcard.tw/f/trending/p/234571207?cid=E0BED286-D1CB-4976-8DD4-192C49F1DCDE，印象中，他曾經在其他文章說過他希望國民黨可以反共，有時候也會跟大陸人戰起來，簡而言之，應用外語系的德明，是個跟人對話及留言時還算理性的人，另一個德明藍頭非常喜歡抨擊民進黨，而且是不管怎樣都一定要牽拖到民進黨很爛的那種，然後通常留言都打滿多字的，並且常把民進黨跟共產黨連結在一起，應用外語系，如果跟牽拖仔是同個人的話，他應該會常常出現在批評中共的文章，用他那招批評民進黨的方式來罵中共才對，而不是每次都要硬把紅共跟綠共連結在一起，來拉低民進黨的形象，然後，有個剿菜大學的卡稱也蠻喜歡罵綠共的，只是他跟德明牽拖仔的發文模式不太一樣，剿菜 會把 單字 一個一個的 分開，而牽拖仔通常是發兩三個完整的句子，再來，剿菜不太會到跟政治無關的文章罵民進黨，但是牽拖仔會。，https//i.imgur.com/W2VedYh.jpg，https//i.imgur.com/Zlwdn3I.jpg，這是他的基本套路之一，狂刷蔡英文開放萊豬，相信有在看時事版的人多少都會看到他一直在跳針這件事，https//i.imgur.com/7XzuNl7.jpg，，這篇的留言牽拖的更誇張，明明是在說鮭魚，他卻可以把話題轉到萊豬，這還不是最無恥的，https//i.imgur.com/xS8LTn1.jpg，（我那時回他說不要再洗地了，然後他才標註我的），https//i.imgur.com/3iuihFY.jpg，——，https//i.imgur.com/1EgrYRi.jpg，這篇的原文是在說陸配的事，而他的留言則是在暗示說現在的政府也很喜歡搞綠色恐怖，跟戒嚴時期一樣，他們倆根本就都是同一個人，只不過隨著時間過去，稍微改了一下留言模式而已，只不過他後來被一個叫吞冰箱的卡稱嘴到崩潰，當時，德明仔，被諷刺，發文，每個句子，之間，都要，空，很多格，於是德明仔就崩潰了，說出留學國外就不要管台灣事之類的話，之後就沒在看到他在洗地了，（我找不到那篇文章，有人知道的話希望可以支援一下，讓大家看看當時的盛況），原本以為不會再看到他再污染時事版了，結果後來，大概是去年年底的時候吧，他又回來了，從這件事來看，他應該只是個網路奇人而已，畢竟網軍應該不能崩潰之後就不上班的，那傢伙雖然基本上只會罵民進黨而已，但從他的用字遣詞（例如菜陰文），感覺上應該是深藍（或紅色，但紅色應該不會用掛鉤紅綠共的方式來貶低民進黨才是。雖然他也會拿以前的國民黨，來批評現在的民進黨就是了），諷刺的是，德明曾經罵過別人幫黨大內宣下地獄，https//www.dcard.tw/f/trending/p/233985305?cid=505FCA67-E5C9-439A-974F-D654C7693598，可以參考一下這篇文章，就會發現牽拖仔跟化學熊的行為模式超像的，甚至比化學熊更誇張，化學熊至少還會限制自己在政治有關的文貼圖罵民眾黨，這個德明仔是連非關政治的時事版貼文都可以抹民進黨，在此呼籲大家，如果看到德明仔在非關政治的文發他那種選舉抹屎文的話，不要吝於檢舉他，一起維護時事版的版面。
「鮭魚之亂」成國際笑話！怎麼用英文回嗆老外？,2021/03/26,18:09:34,https://www.dcard.tw/f/trending/p/235631865,由於壽司餐廳舉辦促銷活動，讓全臺上百位年輕民眾前去改名為鮭魚，被外國媒體戲稱為鮭魚之亂，而如果要跟外國朋友說這件事的話要怎麼說呢？，https://youtu.be/p-fUfagJTQM
光榮感都回來了，高雄舉債創新紀錄,2021/03/27,15:47:13,https://www.dcard.tw/f/trending/p/235637277,高雄市長陳其邁就職7個月，高雄重大暴力事件頻傳，讓外界嘲諷高雄是「慶記之都」；工安方面，光是今年一月就有林園工業區在內的8起連續工安事故，已造成9名勞工死亡。國民黨高雄市黨部抨擊，陳其邁才接手7個月，高雄負債就增加了95億，以此速度下去，他將成為年舉債達到162億、創高雄舉債新紀錄的市長。，國民黨高雄市黨部今日透過臉書發文批評，陳其邁就職七個月，雖透過市府及綠營民調等大內宣製造滿意度假象，仍掩飾不了財政失控，以及食不安、工不安、治不安等「1失控，3不安」的治理失敗的事實。，市黨部認為，陳其邁之所以無法交出及格成績單，是他為了追求連任而把自己做成了「網紅市長」，做秀多、做事少，施政重視宣傳效益高於人民利益」，這樣的施政性格令市民感到不安。，熱衷網紅政治，荒廢了政事，亂做秀更讓財政失控。，市黨部指出，陳其邁很會搶曝光、搶媒體、搶聲量，拿不出施政亮點，只好設計新聞亮點。近幾個月暴力事件頻傳，經常講「有問題找市長」的陳其邁提不出具體對策，市民被打被搶時不見人影，但外縣市網紅在酒店前被打，他就急著出面慰問，對待網紅比對市民好。觀光不振，陳其邁無具體方針，只能和其他縣市長嗆誰食物好吃，甚至成為全國唯一蹭「鮭魚之亂」新聞熱度的市長。，人均債務創3年、34個月來新高，市黨部指出，高雄市平均每人負擔債務在民進黨執政時一直居高不下，連年都是全國第一，陳菊市長更在民國105年3月創下9萬6171元的人均債務新高。，韓國瑜市長接手時，人均債務為9萬403元。到109年6月底卸任時，人均債務已降為8萬9042元，公告債務為2829億。然而到今年2月底，高雄人均債務又提高到9.2萬元，公告債務為2924億，創下34個月來的新高。，市黨部表示，陳菊是舉債最兇的市長，當市長時平均一年舉債100億。陳其邁才接手七個月，高雄負債就增加了95億，以此速度下去，他將成為年舉債達到162億、創高雄舉債新紀錄的市長。，食不安、工不安、治不安，市黨部表，食品安全方面，陳其邁無視議會肉品萊劑零檢出決議，仍全力配合中央政府的萊豬進口政策，引起市民食安疑慮。工安方面，光是今年一月就有林園工業區在內的8起連續工安事故，3月份美術館工地、華王飯店等營建工地職災意外頻傳，已造成9名勞工死亡。，治安方面，市黨部批評，陳其邁短短七個月就發生9件槍擊案，其他重大暴力事件每隔幾天就見報一次，讓高雄變成外界嘲諷的「慶記之都」、「高譚市」，城市形象大傷。，市黨部最後表示，陳其邁靠空前好運當上市長，本應珍惜機會為市民做事，可惜他私心太重，以致才七個月就使高雄陷入種種不安。，https://fongnews.net/political/29048/
台灣=尚書大人? 為了參加WHA跨越時空自打臉?,2021/03/28,19:58:13,https://www.dcard.tw/f/trending/p/235644843,去年覺青們對譚德塞種族歧視，瘋狂攻擊了3個月，現在為了參加世界衛生大會展現了鮭魚吃像，https//gotv.ctitv.com.tw/2021/03/1741073.htm?fbclid=IwAR1YzGP44ZdigDDv80L7NEk6WDOUrdGrkpoTFPCCSZCH5EQY3fWBrt8HSL0，世界衛生大會（WHA）5月底登場，我國能否受邀仍未知，但美國頻頻加油助攻，日前一場對抗伊波拉病毒的視訊高階會議，我駐美代表蕭美琴和官員與世衛組織（WHO）祕書長譚德塞線上合體，對此，網友驚呆表示，去年民進黨和側翼網軍是怎樣污辱譚德塞，現在沒有川普，膝蓋軟掉了？，對此，網友譏諷表示，「這樣怎麼對得起1450」、「川劇變臉嗎？那就向中示好吧」、「膝蓋突然軟掉了」、「去年陳時中和民進黨以為有川普當靠山，可以拉下老譚取而代之，梁子早就結下，現在準備吃屎了」、「反正美國要我們怎樣做，跟著做就對了」。，網友會發出如此感嘆，也不是沒有原因的，猶記得去年新冠疫情爆發初期，譚德塞配合北京論述，延誤防疫的黃金時機，最後導致新冠病毒肆虐全球，因此成為眾矢之的，當時綠營側翼臉書、PTT，出現許多辱罵譚德塞是尼哥、黑鬼、彈到屎等非理性的爭議留言，氣到譚德塞本人在記者會上激動作出反擊，稱攻擊都是來自台灣，被點名的外交部反擊怒批，譚德塞指控毫無依據，要向台灣道歉。
